iteration,loss,ppo_target,entropy,mean_reward,docking,drug_likeliness,prior_prob_diff,time_elapsed
1,0.03517275536237973,-0.035166388678253065,0.5151320541331332,22.938141034367156,-6.567207298530145,3.236473077793996,6.94228690166337e-08,0.9496382411983278
2,0.027450664938340707,-0.02744420002871921,0.508490508956974,23.00571650471792,-6.5597075138678775,3.2473201355802463,0.01255605393965324,1.8682206123405032
3,0.03388003438910656,-0.03387335885703422,0.5083937212661073,23.133074257837006,-6.616970618034432,3.282162403733662,0.020241418991195304,2.816761801375283
4,0.028088308683707236,-0.028082205005075085,0.4995076205831823,23.147364694198735,-6.62804259634889,3.263236905152081,0.030287706323037764,3.7345806912581128
5,0.028917081185369387,-0.028910341121737373,0.49432610548151434,23.402539724040256,-6.707618080243771,3.2794807627422813,0.03858136424151655,4.708181120620834
6,0.027996907703235426,-0.027989515880969023,0.48457752260695675,23.568488681196712,-6.768354430379757,3.2633966520817492,0.046531646170737614,5.69280303577582
7,0.028884404048261623,-0.028877057443256453,0.4832122530863391,23.711571192874185,-6.794478216818634,3.3281365424182634,0.05786357662983786,6.624869292842018
8,0.0302236378016314,-0.03021564383319339,0.4795544314559068,23.96034542322268,-6.878278481012668,3.325509980184696,0.06719526584386942,7.603594850434197
9,0.025885197482310173,-0.025876663712529377,0.4665455291174469,24.002019498811894,-6.895945261023824,3.3141837157404375,0.07881488646658098,8.588194535308414
10,0.028479536724980166,-0.028470270468728937,0.4608855540123208,24.23852223875878,-6.969574036511145,3.3297378820034305,0.08629846377929128,9.589048050774469
11,0.026271349406156726,-0.026261456236731928,0.46019985632142557,24.35999693164223,-7.007470974255427,3.3218343874726077,0.09523070829972799,10.55308288998074
12,0.026248530249330687,-0.026238396949824078,0.45517164086684203,24.49124512947084,-7.047402924861314,3.3414720583664486,0.10323149254294842,11.503124867611461
13,0.02467252054465546,-0.02466188707508422,0.4452801005962567,24.47115421654802,-7.0304040404040435,3.3349339416558434,0.11148909188445108,12.455814135405753
14,0.02512224277519964,-0.02511084550450661,0.443232457698146,24.738454864789123,-7.119465456379227,3.316064547088673,0.1207449037143908,13.441802869637808
15,0.02797371786301125,-0.02796107309712973,0.4381304968748105,24.815117769291607,-7.154137235116041,3.3202627555616613,0.12717587852048776,14.452694146765603
16,0.02618019448236812,-0.026166781031056956,0.42638371972476735,25.103834361366502,-7.261842105263145,3.3183080455770346,0.13941502261616637,15.485473271807034
17,0.024238637075553668,-0.024224595551790996,0.41832845371216537,25.19956934369914,-7.268156424581009,3.3411640618301752,0.1479529137753462,16.500978226794135
18,0.025215473286248225,-0.025199406247188604,0.4152968256822518,25.436525364210176,-7.362632911392391,3.3109557439570163,0.1614244433161662,17.705279579228826
19,0.025885889158656066,-0.025868369813954642,0.4109726709884427,25.625293541243177,-7.433384069000522,3.3251413342416605,0.1749202830324291,18.75783208012581
20,0.027287453322499503,-0.0272683198171124,0.4003066009363121,25.813341735441835,-7.497773279352246,3.3200218973851534,0.18501076846582976,19.803424773348702
21,0.02398652115866901,-0.023965565472821852,0.39466629898909367,26.02761768047198,-7.573649671882889,3.3066686648233152,0.19808491565745157,20.814837511181832
22,0.02238595250888462,-0.022363043347643993,0.38578028971518297,26.134436751356553,-7.60025329280649,3.3336768729371027,0.20839349095709014,21.887363760405115
23,0.024916491048763777,-0.02489089600474228,0.3777788156874936,26.321361879347105,-7.660984271943169,3.328211194415597,0.2189919516847423,22.95433286772834
24,0.022242041997516507,-0.02221339637902122,0.3638087478184615,26.478827987727044,-7.719888663967611,3.310204505945671,0.23521074765867325,24.028677120871013
25,0.022311743888856577,-0.02227975689816747,0.3488488882709869,26.74841465790734,-7.807193515704159,3.326834110794881,0.24625727302235925,25.1078257171313
26,0.020132871016219377,-0.020095606102314475,0.3342000742118026,26.980227966242207,-7.891624621594338,3.3053541014591548,0.26551329290779996,26.186797461708387
27,0.022764443951206626,-0.022720086634468156,0.31914493608665684,27.33022336574183,-8.011711256940938,3.295089594919015,0.2842557304623688,27.29039509634177
28,0.018596939937898543,-0.018545442464310367,0.30058390845630834,27.54200817194581,-8.073585858585849,3.3212505961882357,0.3009058116774786,28.40856321639485
29,0.020002912121894416,-0.01994183570013655,0.28773530443041145,27.823930583877235,-8.171824596774185,3.3084567935546514,0.3205320003878049,29.562615163591172
30,0.016965204274011596,-0.01689304928649475,0.2659386885668308,28.195579201374578,-8.291101055806935,3.3222760339537634,0.33949649641059254,30.7089540018638
31,0.0355462226162124,-0.035463544871767554,0.2516472440793015,28.48407698873951,-8.389637826961753,3.315163507854196,0.3542859845742435,31.85373716738489
32,0.015192334439639462,-0.015102286599758381,0.23655662402941866,28.625771390521045,-8.436404833836857,3.3165568890104717,0.3648360985843853,33.02623631020387
33,0.013730654425072734,-0.01362852772606949,0.2231215439412905,28.791102463058937,-8.47883650952858,3.3059971471110905,0.38162818571853374,34.19602672417959
34,0.015311041999653578,-0.015196821684231077,0.2108864793728936,29.153161505347867,-8.610877192982446,3.3205299264004937,0.393594212995835,35.37695559256607
35,0.014181057251492489,-0.014054771681947931,0.19138276311934418,29.36657557515256,-8.685964912280715,3.308680838310448,0.4002647896428656,36.62026118622886
36,0.015441157857928555,-0.015298249945593914,0.17861813652244482,29.683442466832123,-8.795178302360647,3.2979075597502545,0.4152186543412838,37.88245359202226
37,0.012233966261687277,-0.012077018832149882,0.16536307765879366,29.96876267777202,-8.89582914572863,3.2812752405861,0.4287956963618818,39.19801405482822
38,0.010612404686813655,-0.010441911701807026,0.15009878746864835,29.78812441021441,-8.828034102306916,3.2582848916587515,0.46204193541069594,40.51949417591095
39,0.009877302033307396,-0.009701805560301162,0.13866622455147046,30.30890344259094,-9.011835506519573,3.2673788688697867,0.4568968813890974,41.84706415938007
40,0.006874030335446822,-0.006692287612122239,0.13028202987987342,30.281901359309202,-9.020402010050253,3.220695329158465,0.47201135269708516,43.19524995598528
41,0.00625198327123823,-0.006051781792101768,0.11285799375328893,30.762813600963202,-9.179959919839572,3.222933841444173,0.4873587261531179,44.556532955765725
42,0.02073937849814325,-0.020528275466753534,0.1020192985266504,31.14057690395869,-9.304408817635217,3.2273504510528928,0.49215941812710234,45.98152095953623
43,0.0060705442558884335,-0.005859994486088595,0.10322321496200729,30.922632919002425,-9.199599799899936,3.323833519302579,0.48889314901133524,47.237567792336144
44,0.00965340562592072,-0.009426390856614038,0.09153324524058114,31.453278322749178,-9.394742113169658,3.269051983239916,0.49927808904937276,48.60471797804038
45,0.006016521235811611,-0.005780484206233037,0.08216178464942847,31.754371931296188,-9.498698698698739,3.2582758352000973,0.4957610689673632,49.98085337585873
46,0.005740077640651712,-0.005495493239792386,0.07389908777002026,31.929549339935672,-9.562162162162043,3.2430628534491786,0.49814316007370635,51.37983736826314
47,0.008194645928147216,-0.007945360456133317,0.06373149694844811,32.06730346441888,-9.613306653326644,3.2273835044388783,0.4924386392279398,52.82682965391212
48,0.011972085927501399,-0.011720675233284274,0.05732476169647295,32.29727897699449,-9.692912912912881,3.218540238255733,0.4840651197597566,54.273755644891
49,0.0039875883576870035,-0.003737884744414147,0.051417861324271105,32.38936384403569,-9.732648973460165,3.191416923655102,0.47810398910250185,55.737940791447954
50,0.0034498898483440385,-0.003198333892547636,0.042759080215593416,32.587852599375395,-9.794697348674262,3.203760553352363,0.472512848301556,57.1616542438666
51,0.002565153320316873,-0.0023143865430520646,0.03673701962650952,32.61990249931626,-9.80600000000014,3.201902499316222,0.46068905296025925,58.58018869042397
52,0.003885595029350142,-0.003635367907376636,0.033158861877973275,32.787796019668946,-9.860530265132587,3.2062052242712014,0.4568824819079207,59.99865503470103
53,0.004181266555639492,-0.0039287061296998,0.028475438396183404,32.75157727800674,-9.860680340170205,3.1695362574964383,0.45627420129825835,61.39983289122581
54,0.0009752066248412359,-0.0007284036409866371,0.0238271363469782,32.79825920148026,-9.871271271271283,3.184445387666395,0.44807377911536944,62.78898408684466
55,0.0018852771651957142,-0.001643491875082419,0.0219598365099096,32.92114620951855,-9.90945000000021,3.1927962095184967,0.4437002990413039,64.17360285494063
56,0.000715895323449963,-0.00047494870056001565,0.020325654862151418,32.89449369843012,-9.897149999999787,3.203043698430061,0.43751332341313176,65.5890031245682
57,0.001610876443914749,-0.0013575972017618922,0.02152135612519946,32.99566355259782,-9.933700550826291,3.1945619001190533,0.4439902707229485,66.97041872077519
58,0.004329537650671299,-0.004065447212693546,0.022216187500224496,32.935593630152304,-9.919350000000154,3.1775436301522837,0.4660351572464649,68.38231344971392
59,0.0068796295914313015,-0.006599436917290401,0.019201132557319624,33.03681175308103,-9.958550000000159,3.1611617530810228,0.4933238942776334,69.82680284917355
60,0.0005785652228198252,-0.0002829215856318232,0.013351158804736786,31.98847167083538,-9.618187448417824,3.133909325580928,0.535921906453759,71.33083532253902
