ligand_names,smiles,vina_score,vina_path
1_0,Nc1nc(-c2cccc(Nc3nc(Nc4cccc5ccccc45)c4ccccc4n3)c2)c2cn[nH]c2n1,-10.2,
1_1,Nc1n[nH]c2ccc(Nc3nc(-c4cccc(Oc5ccc6c(c5)C(=O)c5c[nH]cc5-6)c4)nc4ccccc34)cc12,,
1_2,Cc1n[nH]c2c(-c3ccc4cccc(C(=O)N5CC6(CCOCC6)C(=O)N(C)CC5C5CCC(=O)NC5=O)c4c3)cc(-c3ccc4ccccc4c3)cc12,-10.9,
1_3,Cc1n[nH]c2ccc(C(=O)N[C@@H]3C(=O)N([C@@H]4C[C@H]5CC[C@@H]4N5C(=O)c4ccc5[nH]nc(C)c5c4)Cc4[nH]c5ccccc5c43)cc12,-10.0,
1_4,Nc1nc(N)c2cc(NC(=O)c3cccc(Nc4nc(Nc5cccc6ccccc56)c5ccccc5n4)c3)ccc2n1,-10.2,
1_5,CC1(c2cccc(Nc3nc(-c4cc(C5(C)NC(=O)NC5=O)c5ccccc5c4)nc4ccccc34)c2)NC(=O)NC1=O,-10.9,
1_6,Cc1cccc(Nc2n[nH]c3ccc(-c4ccc5[nH]nc(-c6ccc7[nH]nc(Nc8cccc(C)c8)c7c6)c5c4)cc23)c1,-9.6,
1_7,CC1(c2ccc(-c3nc(Nc4cc(C5(C)NC(=O)NC5=O)cc5ccccc45)c4ccccc4n3)cc2)NC(=O)NC1=O,-10.5,
1_8,Nc1nc(Nc2cc3c(cc2F)OCCO3)c2cc(-c3ccc4[nH]nc(-n5cnc6ccccc65)c4c3)ccc2n1,-11.4,
1_9,CN1CC(n2c(N)nc3cccc(Nc4nc(-c5cc6ccccc6nc5N)nc5ccccc45)c32)CC2OCCC21,-9.4,
1_10,CC1(C(=O)N2CCN(Cc3cc(-c4cc(-c5ccc6nc(N)nc(N)c6c5)cc5c4[nH]c4ccccc45)cc4cnc(N)cc34)CC3(CNC3)C2=O)CCC(=O)N1,-11.5,
1_11,CC1COc2cc(F)c(Nc3ncnc4c3cc(-c3ccc5[nH]nc(-c6cc(N)nc(N)n6)c5c3)n4C)cc21,-9.4,
1_12,CN1C(=O)Cc2cc(-c3cc(-c4ccc5c(c4)OCO5)cc4c(-c5ccc6[nH]c(=O)c7c8ccccc8[nH]c7c6c5)n[nH]c34)ccc21,-10.7,
1_13,Cc1cc(Oc2nc(N)nc3nc(N)nc(N)c23)c(F)cc1Nc1nc(N)nc2cc(-c3cc4[nH]ccc4cc3F)ccc12,-10.0,
1_14,CC1(C)[C@@H]2C[C@@]1(O)CN2c1nc(Nc2cccc(-c3nc(Nc4cccc5nc(N)ccc45)c4ccccc4n3)c2)c2ccccc2n1,-10.3,
1_15,CC1C(=O)OC(c2c[nH]c3ccccc23)N1C(=O)C1CN(C(=O)c2ccc3c(c2)Cc2ccccc2N3C)CC2(C1)OCc1ccc3ccccc3c1O2,-9.4,
1_16,CC1(C)C=Cc2cc3c(cc2O1)C(=O)C1C2CC4(C)c5cc6c(cc5CC4C2=C(N2C(=O)NC4(CCc5c([nH]c7ccccc57)C4)C2=O)C1C3=O)COC6=O,-10.6,
1_17,C[C@H]1CN(c2nc(-c3ccc4[nH]nc(-c5cc6cn[nH]c6cc5F)c4c3)nc3cc(F)c(-c4ccc5[nH]ncc5c4)cc23)C[C@@H](C)O1,-10.5,
1_18,Cc1ccc(Nc2ncc3cccc(C)c3n2)cc1Nc1nc(-c2cc3c(cc2F)OCCO3)nc2ccccc12,-9.5,
1_19,CC(C1CC2c3ccccc3C3c4c([nH]c5ccccc45)OC3(C)C2C1)N1c2cc3c(c(O)c2C2C(=O)NCC21)C(=O)NC3=O,-9.8,
1_20,Nc1nc(N)c2cc3c(cc2n1)C(=O)N(C1CCC(=O)NC1=O)C(c1c[nH]c2ccccc12)c1cc2ccccc2cc1-3,-9.3,
1_21,C[C@@H]1CN(C(=O)c2cc(Nc3n[nH]c4ccc(-c5cc(-c6cc7c(cc6F)OCCO7)cc6cn[nH]c56)cc34)n(C)n2)C[C@@H](C)O1,-9.5,
1_22,O=C(c1cccc2ccccc12)N1CCC2(CCN(C(c3ccc4c(c3)OCCO4)c3nc4ccccc4[nH]3)C2=O)C1,-9.9,
1_23,C[C@@H]1CN(c2nc(N)nc3cc(F)c(Nc4nc(-c5cccc6nc(N)nc(N)c56)nc5ccccc45)cc23)C[C@@H](C)O1,-10.9,
1_25,O=C([C@H]1CCC(=O)N1[C@@H](c1c[nH]c2ccccc12)c1c(-c2cc3ccc4[nH]c(=O)c(c5[nH]c6ccccc6c25)c34)[nH]c2ccccc12)N1CCN(C(=O)N2CCc3ccccc32)C(=O)[C@@H]2C[C@@H]2C1,-10.2,
1_26,O=C1NC2CC1C(c1cccc(Nc3nc(-c4cc(C5CC6CC5C(=O)N6)c5ccccc5c4)nc4ccccc34)c1)C2,-10.0,
1_27,Cc1ccc(C(=O)N2CC3C(CC3(F)F)C2C)cc1Nc1nc(-c2ccc3[nH]ncc3c2)nc2ccccc12,-9.6,
1_28,C[C@@H]1CN(c2nc(N)nc3cc(F)c(Nc4nc(-c5ccc6[nH]nc([C@@H]7CCOc8cccc(F)c87)c6c5)nc5ccccc45)cc23)C[C@@H](C)O1,-9.4,
1_29,C[C@@H]1CN(C(=O)c2cccc(Nc3nc(N)nc4ccccc34)c2)C[C@@H](c2ccc3[nH]nc(-c4cccc5[nH]ccc45)c3c2)O1,-11.2,
1_30,C[C@@]1(c2cccc(Nc3nc([C@H]4Oc5ccccc5N[C@H]4c4ccc5ccccc5c4)nc4ccccc34)c2)NC(=O)NC1=O,-10.6,
1_31,Nc1nc(N2CCOCC2F)c2cc(Nc3nc4ccccc4cc3-c3cc(F)cc(C(=O)N4CCOCC4)c3)c(F)cc2n1,-10.4,
1_32,Cc1cccc2c1[nH]c1c3ccccc3cc(C3c4[nH]c5cccc(C)c5c4C(=O)N3C3COC4CC=CC43)c21,-9.2,
1_33,Nc1nc(N)c2c(Oc3ccc4nc(-c5cc6c(cc5F)OCO6)cc(-c5ccc6[nH]nc(N)c6c5)c4c3)cccc2n1,-10.8,
1_34,C[C@@H]1CN(c2ccc3c(Nc4nc(Nc5ccc6c(c5)CCO6)c5ccccc5n4)cccc3n2)C[C@@H](C)O1,-10.8,
1_35,Nc1nc(Nc2cccc(C(=O)N3CC4CC(F)CC4C3O)c2)c2cc(-c3ccc4ccccc4c3)ccc2n1,-10.6,
1_36,C[C@H]1CN(c2nc(Nc3cccc4ccccc34)c3cc(Cc4c[nH]c5ccccc45)ccc3n2)C[C@@H](C)O1,-11.1,
1_37,Cc1ccc(C(=O)N2C[C@@H](C)O[C@H](C)C2)cc1Nc1nc(Nc2ccc3[nH]nc(N)c3c2)nc2ccc(N3C(=O)c4ccccc4C3=O)cc12,-10.2,
1_38,Cc1ccc(C(=O)N2C[C@@H](C)O[C@H](C)C2)cc1Nc1nc(N[C@H]2CN3C[C@@H]2CC3=C2CC(=O)NC2=O)nc2ccc(-c3ccc4[nH]ncc4c3)cc12,-9.6,
1_39,Cc1n[nH]c2ccc(Nc3n[nH]c4ccc(-c5cc(F)cc(-c6cc(O)c7ccccc7c6)c5)cc34)cc12,-10.2,
1_40,Nc1nc(N)c2cc(Nc3nc4cc(F)c(F)cc4cc3-c3cc(-c4ccc5[nH]nc(N)c5c4)c4[nH]ncc4c3)c(F)cc2n1,-11.6,
1_41,C[C@@H]1CN(C(=O)c2cccc(Nc3nc(Nc4ccc(-c5ccc6[nH]nc(N)c6c5)c(C5=CC(=O)NC(=O)C5)c4)c4ccccc4n3)c2)C[C@@H](C)O1,-10.5,
1_42,Cc1n[nH]c2cc(F)c(Nc3nc(-c4cc(-c5cc(F)cc(C(=O)N6CC[C@H](O)C6)c5)c(-c5ccc6[nH]ncc6c5)n4C)nc4ccccc34)cc12,-10.1,
1_44,C[C@@H]1CN(C(=O)c2cccc(Nc3nc(N)nc4cc(F)ccc34)c2)C[C@@H](c2cc3c(N)nc(N)nc3cc2F)O1,-10.6,
1_46,C[C@@H]1CN(C(=O)[C@@H]2C[C@@H]3CN(c4nc(Nc5cccc6ccccc56)c5cc(-c6ccc7[nH]nc(-c8c(C(N)=O)ccc9[nH]ncc89)c7c6)ccc5n4)[C@@H]3C2)C[C@@H](C)O1,-9.7,
1_47,Nc1nc(N)c2cc(Nc3nc4cnccc4cc3-c3cc(F)cc(-c4cc(F)cc(F)c4)c3)c(F)cc2n1,-10.6,
1_48,CC12CCN(C(=O)c3cccc4c(=O)c5cc(C(=O)N6CC7(CCc8c([nH]c9ccccc89)C7)C6)ccc5[nH]c34)C(C1)C2,-8.5,
1_49,C[C@@H]1CN(c2nc(Nc3ccc4nc(N)nc(N)c4c3)nc3cc(F)c(Nc4nc(N)nc5ccccc45)cc23)C[C@@H](C)O1,-9.2,
1_50,C[C@H]1CN(c2nc(N3C[C@@H](C)O[C@H](C)C3)nc3ccc(-c4ccc5cc(C(=O)N6C[C@@H](C)O[C@H](C)C6)ccc5c4)cc23)C[C@@H](C)O1,-8.0,
1_51,C[C@@H]1CN(c2nc(N3C[C@@H](C)O[C@H](C)C3)c3cc(-c4cc5c(N6C[C@@H](C)O[C@H](C)C6)nc(N6C[C@@H](C)O[C@H](C)C6)nc5cc4F)c(F)cc3n2)C[C@@H](C)O1,-9.0,
1_52,Nc1nc(Nc2ccc3nc(N)nc(N4C(=O)COc5ccccc54)c3c2)c2cc(C3CCN(C4CCC(=O)NC4=O)CC3)ccc2n1,-10.2,
1_53,Cc1cc(Nc2nc(N)nc3cc(C4CC4)ccc23)ccc1-c1ccc2nc(N)nc(N3C(=O)COC3=O)c2c1,-8.9,
1_54,Nc1nc(N)c2cc(Nc3nc(-c4ccc5ccccc5c4)nc4ccccc34)ccc2n1,-10.1,
1_55,CC12CN(C(=O)c3ccc4nc(N)nc(Nc5ccc6[nH]c7ccccc7c6c5)c4c3)CC1NC1(CC(=O)NC1=O)C2,-10.4,
1_56,Nc1nc(N)c2cc(Nc3nc(N)nc4cc(F)c(C(=O)N5CCC6(CC5)COC6)cc34)c(F)cc2n1,-9.4,
1_57,O=C1C=CC2=CC3C(=CC4C3C3CC(=O)C(C3)C4N3C(=O)NC4(CCN(C(=O)c5cccc6ccccc56)CC4)C3=O)CC2C1=O,-10.4,
1_58,Fc1ccc2ncnc(Nc3cccc4cc(-c5cnc6nc(N7CC8CC(F)CC87)cn6c5)ccc34)c2c1,-8.7,
1_59,C[C@@H]1CN(c2nc(Nc3cc(N)nc4cc(F)ccc34)nc3cc(F)c(Nc4nc(N)nc5ccccc45)cc23)C[C@@H](C)O1,-9.7,
1_60,Nc1ncnc2[nH]nc(-c3cccc(Nc4nc(-c5cc6c(cc5F)OCCO6)nc5cc(F)ccc45)c3)c12,-10.9,
1_61,Cc1nc2ccccc2cc1-c1cc(-c2ccc3[nH]nc(-c4nc(N)nc5[nH]ncc45)c3c2)c2ccccc2c1,-9.9,
1_62,CN1C(c2c[nH]c3ccccc23)c2ccccc2C12c1ccccc1C1(CC(=O)NC1=O)N2C,-8.4,
1_63,Cc1ccc(C(=O)N2CC3CC3N(C)CC2c2ccc3nc(N)nc(N)c3c2)cc1Nc1nc(-c2cc3c(cc2F)OCO3)c2cc(F)ccc2n1,-9.3,
1_64,NC(=O)c1cccc(-c2n[nH]c3ccc(-c4cccc(Nc5nc(C6CCNCC6)cc6ccccc56)c4)cc23)c1,-10.2,
1_65,CC1C2C(=O)N(CC(=O)N3C(=O)N(C4CC5C(=O)NC(=O)C54)C(=O)C34Cc3[nH]c5ccccc5c3C4)CC12c1cccc2ccccc12,-10.1,
1_66,Oc1ccc2cc(-c3cc4ccccc4nc3Nc3cccc4ccccc34)cc(O)c2c1,-10.2,
1_67,Cc1ccc(C(=O)N2C[C@@H](C)O[C@H](C)C2)cc1Nc1nc(NC2CC(F)(F)C2)nc2ccc(-c3cnc4cc[nH]c4c3)cc12,-9.5,
1_68,Cc1cc(N)c2cc(Nc3nc(Nc4cc(C5C6CC7CC5C7C6)nc5ccccc45)nc4ccccc34)ccc2n1,-10.9,
1_69,CC(=O)[C@@]12C(=O)CC[C@@H]([C@H]1c1c[nH]c3ccccc13)[C@H]1c3cc4c(cc3N[C@H](c3ccc5c(c3)OCO5)[C@H]12)OCO4,-9.7,
1_70,CNc1nc(N2C[C@@H](C)O[C@H](c3cc4cnc(N5C[C@@](C)(O)COC5=O)cc4cc3F)C2)c2cc([C@@H]3CN(C(=O)c4ccc5c(c4)CN(c4cc(-c6cncc7c6CNC7)cc6[nH]ncc46)C5)C[C@H](C)O3)cc(F)c2n1,-9.0,
1_71,C[C@@H]1CN(c2nc(-c3nc(N)nc4[nH]nc(-c5ccc6cc[nH]c6c5)c34)nc3cccc(N4CCN(C)CC4)c23)C[C@@H](C)O1,-9.6,
1_72,Cc1cc2ccccc2c(Nc2ccc3nc(N)nc(Nc4cccc(C(=O)N5C[C@@H](C)O[C@H](C)C5)c4)c3c2)n1,-10.1,
1_73,OC1CC1Nc1n[nH]c2ccc(-c3n[nH]c4ccc(-c5cc(-c6ccc7[nH]nc(NC8CC8O)c7c6)c6[nH]ncc6c5)cc34)cc12,-10.3,
1_74,Nc1nc(-c2cc3ccc(-c4cc(-c5ccc6c(c5)OCO6)cc5ccccc45)cc3o2)nc2ccccc12,-10.6,
1_75,C[C@@H]1CN(c2nc(N)nc3cc(F)c(Nc4nc(-c5ccc6[nH]nc([C@@H]7CCOc8cccc(F)c87)c6c5)nc5ccccc45)cc23)C[C@@H](C)O1,-11.4,
1_76,C[C@H]1CN(c2cc([C@@H]3CN(C(=O)c4cccc(Nc5nc(C6CC6)nc6ccc(F)cc56)c4)C[C@@H](C)O3)c3ccccc3n2)C[C@@H](C)O1,-9.9,
1_77,Oc1cc(-c2cc(F)cc(-c3ccc4[nH]nc(Nc5ccc6[nH]ncc6c5)c4c3)c2)cc2ccccc12,-10.2,
1_78,C[C@@H]1CN(C(=O)c2cccc(Nc3nc(NC4CC4)nc4ccc(-c5ccc6[nH]ncc6c5)cc34)c2)C[C@@H](C)O1,-9.8,
1_79,C[C@@H]1CN(C(=O)c2cccc(Nc3nc(-c4nc(-c5ccc6c(c5)OCCO6)cc5ccccc45)nc4ccccc34)c2)C[C@@H](C)O1,-10.7,
1_80,C[C@@]1(C(=O)N2CC[C@@H]2c2cc(F)cc(-c3ccc4nc(N)nc(Nc5cccc6cc(C(=O)O)ccc56)c4c3)c2)C[C]2O[C@@H]1C(F)(F)[C@]2(C)F,-10.7,
1_81,C[C@@H]1CN(c2nc(N3CCOCC3)c3cc(Nc4nc(-c5ccc6c(c5)OCO6)nc5ccccc45)c(F)cc3n2)C[C@@](C)(F)O1,-9.8,
1_82,O=C(NC1(C(=O)N2CCN(c3cccc4ccccc34)CC2)Cc2[nH]c3ccccc3c2C1)c1cc2ccccc2c2ccccc12,-11.5,
1_83,Nc1nc(Nc2cccc3nc(N)nc(N)c23)c2cc(-c3ccc4c(c3)CC3C4CCN3C3CC4C=CC3C4)ccc2n1,-10.3,
1_84,Nc1nc(Nc2cccc3ccccc23)c2cc(Nc3nc(C4CCNCC4)cc4ccccc34)ccc2n1,-9.9,
1_85,c1ccc2c(-c3cc(-c4cc(-c5ccc6cc[nH]c6c5)cc5c4[nH]c4ccccc45)cc4cn[nH]c34)c3c(nc2c1)[nH]c1ccccc13,-10.6,
1_86,Cc1[nH]c2ccccc2c1C=C1C[C@H](N2C(=O)C[C@]3(Cc4[nH]c5ccccc5c4C3)C2=O)[C@@H]2C(=O)N([C@H]3CCC(=O)NC3=O)C(=O)[C@@H]12,-10.4,
1_87,Cc1cccc2c(N)nc(N3CCN(C(=O)c4cc(-c5ccc6ccccc6c5)cc5ccccc45)CC3)nc12,-10.3,
1_88,C[C@H]1CN(c2ccc3c(-c4ccc(Nc5ncc6ccc(C(N)=O)cc6n5)cc4)cc(-c4cc5c(cc4F)OCCO5)nc3c2)C[C@@H](C)O1,-8.9,
1_89,CN1c2c(F)cccc2N(C(=O)c2cccc(C(=O)N3CCOc4cc(F)c(-c5ccc6ncnc(N)c6c5)cc43)c2)C1(C)C,-9.6,
1_90,O=C1CCC(C(=O)Nc2ccc3ccccc3n2)(c2ccc3c(-c4cc(-c5cc6c(cc5F)OCO6)cc5cn[nH]c45)c[nH]c3c2)N1,-10.0,
1_91,C[C@H]1CN(c2nc(N3C[C@@H](C)O[C@H](C)C3)nc3ccc(-c4cc(-c5ccc6[nH]ncc6c5)c5[nH]nc(-c6ccc7[nH]ncc7c6)c5c4)cc23)C[C@@H](C)O1,-11.1,
1_92,Cc1nc2ccccc2cc1-c1cc(-c2cc(F)c3nc(N)nc(N)c3c2)c2[nH]nc(C)c2c1,-10.5,
1_93,Cc1nc(N2CC3CC(C)OC3C2)c2c(Nc3nc(N)nc4ccc(C(=O)N5CCC6(CC5)OCO6)cc34)cccc2n1,-10.5,
1_94,CN1C[C@H](Cc2cc3ccc(-c4ccc5[nH]c6ccccc6c5c4)cc3[nH]2)Cc2cccc(NC(=O)c3cc(C(=O)N4C[C@@](C)(O)CN(c5cccc6nc(N)ncc56)C[C@H]4F)cc4[nH]ccc34)c21,-10.1,
1_95,C[C@H]1CN(c2nc(N)nc3ccc(-c4cccc(Nc5nc(N)nc6ccccc56)c4)cc23)C[C@@H](C)O1,-10.8,
1_96,C[C@@]12C[C@@H](c3ccc4c(c3)OCC4)[C@@H](CCC1=O)[C@H]2NC(=O)c1cc(-c2ccc3[nH]nc(N)c3c2)c2c(F)cccc2c1,-9.9,
1_97,Nc1nc(N2CCOCC2)c2cc(Nc3nc4ccccc4cc3-c3cc(F)c4ccccc4c3)c(F)cc2n1,-9.9,
1_98,C[C@@H]1CN(c2nc(Nc3nc(N)nc4cc(F)c(-c5cc6c(cc5F)OCCO6)cc34)c3cc(F)c(N)cc3n2)C[C@@H](C)O1,-10.0,
1_99,Nc1nc(N)c2cc(Oc3ccc4cc(-c5cc6c(cc5F)OCCO6)nc(N)c4c3)ccc2n1,-9.8,
1_100,C[C@@H]1CN(c2nc(N)nc3cc(F)c(Nc4nc(-c5cc6cn[nH]c6cc5F)nc5ccccc45)cc23)C[C@@H](C)O1,-10.3,
1_101,Cc1cc(C(=O)N2CCC(N3C(=O)c4c(F)cccc4C3c3cc4ccccc4nc3O)CC2)nc2ccccc12,-9.0,
1_102,CC1(c2cccc(Nc3n[nH]c4ccc(-c5cc(-c6cc7ccccc7[nH]6)c6[nH]ncc6c5)cc34)c2)NC(=O)NC1=O,-10.2,
1_103,Nc1cc(-c2n[nH]c3ccc(-c4cc(-c5cc6c(cc5F)OCCO6)nc5ccccc45)cc23)nc(N)n1,-10.1,
1_104,O=C1NC(c2cccc(Nc3nc(-c4cccc5[nH]ncc45)nc4ccccc34)c2)Nc2ccccc21,-10.4,
1_105,Nc1nc(Nc2cccc3ccccc23)c2cc(-c3nc4ccccc4nc3N3CCOCC3)ccc2n1,-10.3,
1_106,Cc1cc2cc3c(cc2c(N2CCOCC2)n1)NC(=O)C(c1ccc2nc4c5ccccc5n(C)c4c(N4CCOCC4)c2c1)N3,-9.1,
1_107,Nc1nc(Nc2cccc(C(=O)N3CC(c4n[nH]c5ccccc45)C4C(=O)CCCC43)c2)c2ccccc2n1,-9.9,
1_108,C[C@@]1(O)C[C@H]2C[C@@H]2N(c2nc(N)nc3ccc(Nc4ncnc5c(F)cc(N6CC[C@H]7CNC[C@H]76)cc45)cc23)C1,-9.6,
1_109,CC1=C2NC(=O)[C@@](C)(C1)N[C@H]1Cc3cc(NC(=O)c4c(Nc5ccc6[nH]ncc6c5)nc5cc(C)c(C)cc5c4C)c2cc3N(C(=O)[C@H]2CCC(=O)NC2=O)C1=O,-10.0,
1_110,C[C@@H]1CN(C(=O)c2cccc(Nc3nc(-c4nc(-c5cc6c(cc5F)OCCO6)cc5ccccc45)nc4ccccc34)c2)C[C@@H](C)O1,-10.7,
1_111,Nc1ccc2c(Nc3nc(Nc4cc(-c5cc6ccccc6cc5F)nc5ccccc45)nc4ccccc34)cccc2n1,-10.3,
1_112,O=C1NCc2cc(C3(c4n[nH]c5ccccc45)CC4CCC(=O)N4C3)cc(Nc3cc(-c4ccnc5ccccc45)nc4ccccc34)c21,-10.4,
1_113,O=C1NC(=O)[C@H]2[C@@H]1CC[C@H]1Nc3ccc(-c4cc(-c5cc6c(cc5F)OCCO6)cc5cn[nH]c45)cc3C[C@]21C(=O)Nc1cccc2[nH]ncc12,-11.0,
1_114,C[C@@H]1CN(C(=O)c2cccc(Nc3nc(N)nc4ccc(-c5cc6ccccc6nc5N)cc34)c2)C[C@@H](C)O1,-10.5,
1_115,Cc1cc(-c2cc(-c3ccc4[nH]nc(Nc5nc(N)nc6[nH]ncc56)c4c3)cc3c2[nH]c2ccccc23)cc2cc[nH]c12,-11.3,
1_116,C/C1=C2/C[C@]3(C)C(=O)[C@@H]4C[C@H](C1=O)[C@@H](C4)[C@@H]3c1c(cc(Nc3cccc4[nH]ncc34)c3cnccc13)C(=O)N2Cc1ccc2c(c1)CCO2,-9.1,
1_117,C[C@H]1CN(c2nc(N3C[C@@H](C)O[C@H](C)C3)c3ccc4c(c3n2)CN(C(=O)c2ccc3nc(N)nc(N)c3c2)C4)C[C@@H](c2n[nH]c3ccccc23)O1,-9.4,
1_118,CC1(c2cc(Nc3nc(-c4ccc5cc(F)ccc5c4)nc4ccccc34)c3cnccc3c2)NC(=O)NC1=O,-10.9,
1_119,O=C1NCC2C1c1ccccc1N2C(c1ccc2c(c1)CC1C2CCN1C(=O)c1cccc2[nH]ncc12)c1n[nH]c2ccccc12,-10.1,
1_120,C[C@H]1O[C@@H]2C[C@H]1Oc1cc(-c3ccc4nc(N)nc(Nc5ccc6ccccc6c5)c4c3)cc(c1)N(C(=O)C1CCN(C)CC1)C2,-9.8,
1_121,C[C@@H]1CN(C(=O)c2cccc(Nc3n[nH]c4ccc(-c5cc(-c6cc7c(cc6F)OCCO7)cc6cn[nH]c56)cc34)c2)C[C@@H](C)O1,-9.8,
1_122,Cc1n[nH]c2nc(N)nc(Nc3nc(-c4cc5c(cc4F)OCCO5)nc4c(F)cccc34)c12,-9.9,
1_123,Cc1cc2ccc(-c3cc(-c4ccc5[nH]nc(N)c5c4)c4[nH]ncc4c3)cc2c(Nc2cc3c(N)nc(N)nc3cc2F)n1,-10.4,
1_124,Nc1nc(Nc2cccc3ccccc23)c2cc(-c3ccc4ccccc4c3)ccc2n1,-10.3,
1_125,C[C@@H]1CN(c2nc(N)nc3cc(F)c(Nc4nc(-c5ccc6[nH]ncc6c5)nc5ccccc45)cc23)C[C@@H](C)O1,-10.5,
1_126,C[C@]1(F)C[C@@H]2CN(c3nc(Nc4c(C5CC5)c([C@H]5CC(=O)NC5=O)nc5c([C@H]6CNC(=O)C6)[nH]nc45)nc4cc(F)c(-c5ccc6[nH]ncc6c5)cc34)[C@@H]2C1,-8.3,
1_127,C[C@@H]1CN(c2nc(N3C[C@@H](C)O[C@H](C)C3)c3cc(Nc4nc(Nc5cccc6ccccc56)c5ccccc5n4)ccc3n2)C[C@@H](C)O1,-10.2,
1_128,Cc1cc2[nH]ncc2cc1-c1cc(-c2cc3ccccc3nc2C)cc2c(-c3ccc4[nH]nc(-c5nc(N)nc6[nH]ncc56)c4c3)n[nH]c12,-10.8,
1_129,Nc1n[nH]c2ccc(-c3cc(F)cc(-c4cc(-c5ccc6[nH]nc(N)c6c5)c5[nH]nc(N)c5c4)c3)cc12,-10.3,
1_130,Nc1n[nH]c2cc(F)c(-c3cc(C(c4c[nH]c5ccccc45)N4CCC5(CN(C(=O)c6cccc7ccccc67)C5)C4=O)c4cn[nH]c4n3)cc12,-12.5,
1_131,CC(=O)N1CCC(c2n[nH]c3cc4c(cc23)CCN4C(=O)c2cc(-c3cc4c(cc3F)OCCO4)cc3c(N)n[nH]c23)CC1,-9.3,
1_132,CC12CCC(=O)C1C(c1cccc(Nc3nc(-c4ccc5[nH]ncc5c4)nc4ccccc34)c1)c1c(cnc3[nH]ncc13)O2,-10.8,
1_133,Cc1nc2cc(C3(C4CC5CNCC5N(C)C4)NC(=O)NC3=O)ccc2cc1-c1cc(-c2ccc3[nH]nc(N)c3c2)c2[nH]ncc2c1,-10.3,
1_134,CC(=O)N1CC(C)N(C(=O)c2ccc3c(c2)N(C(=O)c2cccc(Nc4nc(N)nc5ccc(F)cc45)c2)C(C)O3)CC2CC21,-9.1,
1_135,Nc1ncnc2cccc(-c3cnc4c(Nc5n[nH]c6ccc(C(=O)N7CCC(F)CC7)cc56)cccc4c3)c12,-9.1,
1_136,CN1CCN(C(=O)C23C(=O)CCCC2N(C(=O)c2ccc4[nH]c5ccccc5c4c2)c2[nH]c4ccc(-c5cccc6[nH]ncc56)cc4c23)CC2(CCNC2)C1=O,-8.4,
1_137,Cc1cc(C)c([C@@H]2C=C3C=C4C=C5C[C@](C)(F)C(=O)C(C)(C)[C@@]5(C)C[C@@H]4[C@](C)(C(=O)c4c(C)[nH]c5ccccc45)[C@@H]3O2)c(-n2cnc3c(N)ncnc32)n1,-10.1,
1_138,C[C@@H]1CN(C(=O)c2cccc(Nc3nc(-c4ccc5nc[nH]c5c4)nc4cccc(-c5ccc6[nH]ncc6c5)c34)c2)C[C@@H](C)O1,-10.2,
1_139,Nc1nc(N)c2cc(Nc3nc(-c4cc(F)cc(-c5ccc6[nH]nc(N)c6c5)c4)nc4ccccc34)c(F)cc2n1,-11.4,
1_140,Nc1nc(NC(=O)c2ccc3c(c2)OC2(Cc4ccc5ccccc5c4C4OC(c5c[nH]c6ccccc56)CC42)O3)nc2ccccc12,-10.7,
1_141,Nc1nc(Nc2cccc3cc[nH]c23)c2cc(-c3cc(F)cc(C(=O)N4CCC5(CC4)OCCO5)c3)ccc2n1,-11.2,
1_142,Nc1ccc2c(Oc3ccc4nc(-c5ccc6ccccc6c5)cc(-c5cccc6ccoc56)c4c3)cccc2n1,-10.1,
1_143,Cc1ccc(C(=O)N2C[C@@H](C)O[C@H](c3cccc(-c4cc5cn[nH]c5c(N)n4)c3)C2)cc1Nc1nc(N)nc2ccc(F)cc12,-10.5,
1_144,Nc1ncnc2ccnc(Oc3ccc(Nc4nc(Nc5cc6ccccc6cc5F)c5ccccc5n4)cc3F)c12,-10.1,
1_145,Nc1nc(N)c2cc(C(=O)N3CC4(CCCN(c5cccc6ccccc56)C4)CC3(F)F)ccc2n1,-8.8,
1_146,CC1(C)[C@@H]2C[C@@]1(C)CN2C(=O)c1ccc2[nH]cc([C@@H]3CN([C@H]4C[C@H]5CN(c6ccc7c(c6)OCO7)C(=O)[C@H]5c5ccccc54)C[C@]34C[C@@H](C)C4)c2c1,-9.7,
1_147,NC(=O)c1ccc2c(N)nc(N[C@@]3(c4ccc5c(c4)[C@H](N)CN(C(=O)c4ccc6c(c4)CCO6)C5)CCc4ccccc43)nc2c1,-9.8,
1_148,Nc1nc(N2C(=O)OCc3ccccc32)c2cc3c(cc2n1)[C@@H](C(=O)N1CC[C@]2(C1)CC1(Cc4ccccc4C1)NC2=O)C[C@H]3F,-10.2,
1_149,C[C@H]1CN(C(=O)c2cccc3[nH]cc(-c4cc(-c5ccc6ccccc6c5)cc5cn[nH]c45)c23)C[C@@H](C)O1,-9.7,
1_150,Nc1n[nH]c2cc(F)c(-c3nc(Nc4ccc5c(c4)CCO5)c4cc(F)ccc4n3)cc12,-10.4,
1_151,Cc1cc2[nH]ncc2cc1-c1cc(-c2cc3ccc(C4(C5CC6CCCC6N(C)C5)NC(=O)NC4=O)cc3nc2C)cc2cn[nH]c12,-9.4,
1_152,CC1Cc2ccccc2N1C(=O)c1cccc(Nc2nc(N)nc3ccc(-c4ccc5[nH]ncc5c4)cc23)c1,-10.6,
1_153,CC(=O)O[C]1[C@H]2C[C]([C@H]3CC3(C)C)C[C@]2(C)CC2=C(c3ccc4cc(-c5cc6c(cc5F)OCCO6)nc(-c5cc6cc(-c7cc(N)nc8[nH]nc(N)c78)nc(N)c6[nH]5)c4c3)CC[C@@]12C,-9.0,
1_154,Cc1ccc(C(=O)N2C(C)Oc3cc4nc(N)nc(N)c4cc3C2c2c[nH]c3ccccc23)cc1Nc1nc(N)nc2ccccc12,-11.5,
1_155,c1ccc2c(Nc3nc(Nc4cccc5ccccc45)c4ccccc4n3)cccc2c1,-10.0,
1_156,Cc1nc2cc(C(c3n[nH]c4cc(C(N)=O)ccc34)N3c4ccccc4OC(C)C3C)ccc2cc1N1CCN(c2nc(N)c3ccccc3n2)CC1,-9.2,
1_157,O=C(NC1c2ccccc2C2CC1Cc1[nH]c3ccccc3c12)c1c[nH]c2ccccc12,-8.9,
1_158,Cc1cc(-c2nc(N3C[C@@H](C)O[C@H](C)C3)c3c(C(=O)N4CC[C@]5(CCN([C@@]6(C(=O)N[C@@]7(C)C(=O)N[C@@H]8C[C@@H]87)CC[C@H]7C[C@@H]76)C5=O)C4)cccc3n2)c2c(C)n[nH]c2n1,-8.7,
1_159,C[C@H]1CN(c2nc(-c3ccc4[nH]nc(-c5cccc6[nH]ccc56)c4c3)nc3ccc(-c4ccc5[nH]nc(N)c5c4)cc23)C[C@@H](C)O1,-11.7,
1_160,C[C@H]1CN(c2nc(-c3ccc4[nH]ncc4c3)nc3ccc(-c4ccc5cc(C(F)(F)F)ccc5c4)cc23)C[C@@H](C)O1,-9.4,
1_161,Cc1nc2cccc(Nc3nc(-c4ccc5ccccc5c4)nc4ccccc34)c2n1C1CC2OC(C)CC2N(C)C1,-9.4,
1_162,Nc1nc(N)c2cc(-c3ccc4nc(N)nc(Nc5cccc6ccccc56)c4c3)ccc2n1,-10.9,
1_163,CC1(C(=O)N2CCCC3(CN(C(=O)c4ccc5c(c4)c4cc6ccccc6cc4c(=O)n5C4CCC(=O)NC4=O)C3)C2=O)CCc2ccccc21,-9.1,
1_164,Nc1nc(-c2ccc3[nH]c(-c4cc5c(cc4F)OCO5)c(-c4cc5c(cc4F)OCO5)c3c2)nc2c(N)cccc12,-9.9,
1_165,Cc1n[nH]c2nc(N)nc(Nc3nc(N)nc4ccc(-c5ccc6c(C7CCOCC7)cccc6c5)cc34)c12,-9.4,
1_166,CC12C(=O)CC(C3C=C4C(=O)NCC4N(C(=O)C45CCN(C4=O)C4Cc6c(-c7ccc8[nH]nc(-c9c%10c(cc%11[nH]ncc9%11)CCN%10)c8c7)cccc6C45)C3)C1C=CC2O,-10.3,
1_167,Cc1ccc2c(Nc3nc(N)nc4ccc(-c5cc(F)cc(N6CC(C)N(C7CNC(=O)C(N)C7)C6=O)c5)cc34)cccc2c1,-10.9,
1_168,NC(=O)c1cccc(Nc2n[nH]c3ccc(-c4cc(-c5ccc6[nH]nc(N)c6c5)c5[nH]ncc5c4)cc23)c1,-10.1,
1_169,CC1(C)CCC(=C2C[C@@H]3C[C@H](C2=O)[C@]2(C3)C(=O)N[C@@]3(C)CC[C@H]4CN(C[C@]4(C)O)c4nc(Nc5cccc6[nH]ncc56)nc5ccc(cc45)[C@H]32)C(=O)C1,-8.3,
1_170,CC1Oc2ccccc2C(C)N1C(=O)c1cccc(Nc2nc(-c3cccc4[nH]ncc34)nc3ccccc23)c1,-10.7,
1_171,CC1(C)Cc2cc(-c3cc(-c4cc5ccccc5nc4Nc4cccc(C5(C)NC(=O)NC5=O)c4)cc4ccccc34)ccc2N1,-11.0,
1_172,Nc1nc(N)c2cc(-c3ccc4nc(N)nc(Nc5cc6c(cc5F)OCCO6)c4c3)ccc2n1,-10.4,
1_173,CC1(c2cccc(Nc3nc(-c4nc(-c5ccc6c(c5)OCCO6)cc5ccccc45)nc4ccccc34)c2)NC(=O)NC1=O,-10.5,
1_174,O=C1CN(c2c3ccccc3nc3ccccc23)C2c3ccccc3C(c3c[nH]c4ccccc34)N12,-8.1,
1_175,Nc1nc(Nc2cccc3ccccc23)c2cc(-c3ccc4c(c3)OCCO4)ccc2n1,-10.2,
1_176,O=C(c1cc(-c2ccc3[nH]ncc3c2)nc2[nH]ncc12)N1CCOc2ccc(-c3cc(-c4cc5c(cc4F)OCO5)cc4cn[nH]c34)cc21,-10.6,
1_177,Nc1ccc2c(Nc3nc(-c4cc(-c5cc(F)c6[nH]nc(N)c6c5)c5ccccc5c4)nc4ccccc34)cccc2n1,-11.2,
1_178,C[C@@H]1Oc2cnc3ccc(N4C[C@@](C)(O)COC4=O)cc3c2CN1C(=O)c1cccc2cc(F)c(Nc3nc(N)nc4ccccc34)cc12,-9.5,
1_179,O=C(O)C1COCCN1C(=O)c1cccc(Nc2nc(Nc3cc(-c4cc5ccccc5cc4F)nc4ccccc34)nc3ccccc23)c1,-10.0,
1_180,Cc1ccc2c(Nc3cc(Nc4nc(-c5ccc6c(c5)OCCO6)c5c(n4)N(C(=O)C4(C)CCC(=O)N4)C4(C)CC(C)CC54)ccc3C)nc(N)nc2c1,-9.3,
1_181,Nc1nc(Nc2cccc3cc[nH]c23)c2cc(-c3cc(F)cc(N4C(=O)CC4(F)F)c3)ccc2n1,-10.3,
1_182,Cc1n[nH]c2c(-c3cc(O)c4ccccc4c3)cc(-c3ccc4[nH]nc(Nc5cccc(O)c5)c4c3)cc12,-9.3,
1_183,Nc1cc2ccc(-n3nc(C(=O)N4CCN(C(=O)c5ccc6c(c5)CCO6)CC4)c4cccc(F)c43)cc2cn1,-9.8,
1_184,Cc1ccc2nc(NC3CCN(C(=O)C4(C)CCc5ccccc54)CC3)nc(Nc3cccc4ccccc34)c2c1,-8.7,
1_185,CC1(C)C=C(c2cc(-c3nc(Nc4cccc(C5(C)NC(=O)NC5=O)c4)c4ccccc4n3)c3cn[nH]c3c2)CC(C)(C)C1,-11.4,
1_186,CC1(c2cccc(Nc3nc(-c4cc(F)c5ccccc5c4)nc4ccccc34)c2)NC(=O)NC1=O,-10.4,
1_187,O=C(Nc1cccc(C(=O)N2C(=O)NC(=O)C2Cc2n[nH]c3ccccc23)c1)c1cccc(Nc2nc(Nc3cccc4ccccc34)c3ccccc3n2)c1,-11.0,
1_188,O=C1C2Cc3c([nH]c4ccccc34)CC2C2c3c(ccc4ccccc34)C3C1C2C(=O)N3C(=O)c1c[nH]c2ccccc12,-9.4,
1_189,CC1(c2cccc(Nc3n[nH]c4ccc(-c5cc(-c6ccc7[nH]ncc7c6)c6ccccc6c5)cc34)c2)NC(=O)NC1=O,-10.9,
1_190,Nc1nc(N)c2cc(NC(=O)c3cccc(Nc4nc(N)nc5c4ccc4ccccc45)c3)c(F)cc2n1,-9.3,
1_191,CC1CN(C(=O)c2nn(C)cc2Nc2nc(-c3nc(-c4cc5c(cc4F)OCCO5)cc4ccccc34)nc3ccccc23)C(C)O1,-10.9,
1_192,C[C@@H]1C[C@@H]2C[C@H]3C(=O)N4C[C@@H](C(=O)N5CC[C@H]6CC(=O)NC(=O)[C@H]65)N([C@H]5C[C@@H]5C(=O)N5c6ccccc6C(=O)[C@H](O)c6cc7ccccc7nc65)C(=O)[C@@H]4C[C@@H](c4c[nH]c5ccccc45)C(=O)N3[C@@H]2C1,-9.6,
1_193,Cc1ccc(-c2nc3ccccc3nc2C)cc1Nc1cc(-c2cc3c(cc2F)OCCO3)nc2c(F)cccc12,-9.3,
1_194,C[C@@H]1CN(C(=O)c2cccc(Nc3nc(N)nc4ccccc34)c2)C[C@@H](c2cccc(-c3ccc4nc(N)nc(N)c4c3)c2)O1,-11.1,
1_195,Cc1ccc(Nc2nc(N)nc3ccccc23)cc1C(=O)N1C[C@@H](C)O[C@H](c2cccc(-c3nc(N)nc4[nH]nc(C)c34)c2)C1,-9.7,
1_196,C[C@@]1([C@@H]2N[C@@H](C(=O)N3CC(F)C3)N(c3cc(-c4ccc5nc(N)nc(N)c5c4)ccc3F)C2=O)CCc2ccccc21,-9.5,
1_197,O=C1NC(=O)C2C1C1CC3CC=CC3C1C2c1ccc2c(N3CCC(F)C3)cc(-c3ccc4c(c3)OCO4)nc2c1,-11.5,
1_198,CC1(C)CN(c2nc(Nc3nc(N4C[C@@H]5C[C@](C)(F)C[C@@H]54)c4cc(-c5ccc6[nH]ncc6c5)c(F)cc4n3)c3cc(F)c(N)cc3n2)CC(C)(C)O1,-9.6,
1_199,Nc1nc(Nc2cc3[nH]ccc3cc2F)c2cc(-c3cc(F)cc(C(=O)N4CCC(F)CC4)c3)ccc2n1,-10.5,
1_200,Cc1cc(-c2ccc3nc(N)nc(Nc4cccc(C(=O)N5C[C@@H](C)O[C@H](C)C5)c4)c3c2)cc2ccccc12,-10.2,
1_201,CN1[C@H]2Cc3cc4oc(-c5ccc6c(c5)OCO6)cc4cc3[C@]13C[C@H](C2)C[C@@](C)(C(=O)Nc1nc(N2C[C@@](C)(O)COC2=O)c2ccccc2n1)C3,-9.1,
1_202,CC1(C)CC2C3C(=O)NC4=C(C(=O)c5ccccc5C4)C3N(C(=O)c3cccc4nc(Nc5ccc6c(c5)CCO6)nc(N)c34)C2(C)C1,-9.6,
1_203,Nc1nc(-c2cccc(Nc3nc(Nc4cccc5ccccc45)c4ccccc4n3)c2)nc2ccccc12,-10.3,
1_204,Cc1ccc(-c2cc(Nc3cc4c(N5CCOC[C@H]5F)nc(N5CC(C)(C)O[C@](C)(F)C5)nc4cc3F)c3ccccc3n2)c(F)c1,-10.3,
1_205,O=C(c1cccc(Nc2nc(Nc3cc(-c4cc5ccccc5cc4F)nc4ccccc34)nc3ccccc23)c1)N1CCOCC1,-9.9,
1_206,Cn1nc(C(=O)N2CCOCC2)cc1Nc1n[nH]c2ccc(-c3cc(-c4cc5c(cc4F)OCCO5)cc4cn[nH]c34)cc12,-9.8,
1_207,C[C@@H]1CN(c2nc(N)nc3cc(F)c(Nc4nc(Nc5ccc6nc(N)nc(N)c6c5)nc5ccccc45)cc23)C[C@@H](C)O1,-11.8,
1_208,C[C@H]1CN(c2nc(-c3ccc4[nH]nc(-c5ccc6cc[nH]c6c5)c4c3)nc3ccc(NC(=O)N4CCCC4)cc23)C[C@@H](C)O1,-9.8,
1_209,CN1CCN(c2nc(Nc3cccc4nc(Nc5ccc6nc(N)nc(N)c6c5)ccc34)c3ccccc3n2)CC1,-9.4,
1_210,CC1CC(=O)C2(C)CC3C(=O)c4cc(-c5ccc6[nH]nc(Nc7ccc(F)c8[nH]ncc78)c6c5)c(F)cc4C(=O)C3C2C1,-10.3,
1_211,Cc1ccc(C(=O)N2CCC(=O)C3C2CC3(C)C)cc1Nc1nc(-c2ccc3[nH]ncc3c2)nc2ccccc12,-9.7,
1_212,C[C@H]1CN(C(=O)c2cc(-c3cc(-c4ccc5ccccc5c4)cc4cn[nH]c34)nc3ccccc23)C[C@@H](C)O1,-9.6,
1_213,Cc1[nH]c2ccccc2c1C(c1ccc2[nH]c3ccc4c(c3c2c1)CCCC4)c1c(C)[nH]c2ccccc12,-10.5,
1_214,Cc1n[nH]c2nc3ccccc3c(Nc3nc(N[C@H](C)[C@@H]4Oc5cc(F)ccc5-c5cc6ccccc6cc54)nc4ccccc34)c12,-9.9,
1_215,O=C(NC(=O)C1C2CC3CC2CC1N(c1nc(N2CCC(=O)C4C5CCC(=O)C5CC42)c2cc(-c4ccc5ccccc5c4)ccc2n1)C3)c1n[nH]c2ccccc12,-9.0,
1_216,Cc1nc2cc[nH]c2cc1-c1cc(N2C(=O)[C@@H]3CNC(=O)[C@@H]3[C@@H]2C(=O)N2C[C@@H]3C[C@H]2[C@H](C(=O)N2CC(=C(c4c[nH]c5ccccc45)c4c[nH]c5ccccc45)[C@H]4C(=O)NC[C@H]42)[C@H](F)C3)c2ccccc2c1,-11.0,
1_217,Nc1nc2ccccc2cc1-c1nc(Nc2cccc(C3Nc4ccccc4C4=Nc5ccc(Br)cc5C(=O)C43)c2)c2ccccc2n1,-10.9,
1_218,Cc1cc2nc(N)nc(N)c2cc1Nc1nc(N2CCN(c3cccc4ccccc34)CC2)nc2ccccc12,-10.1,
1_219,C[C@@H]1CN(C(=O)c2cccc(Nc3n[nH]c4ccc(-c5cc(F)cc(-c6ccc7[nH]nc(N)c7c6)c5)cc34)c2)C[C@@H](C)O1,-10.2,
1_220,c1ccc2c(-c3n[nH]c4ccc(-c5cc(-c6ccc7[nH]nc(-c8cccc9[nH]ccc89)c7c6)cc6cn[nH]c56)cc34)c3cc[nH]c3cc2c1,-11.2,
1_221,CC1=C2CCN(C(=O)[C@@H](NC(=O)[C@@H]3CN4C(=O)S[C@H]5C[C@]3([C@H]3CCC(=O)NC3=O)[C]5C4=O)c3c[nH]c4cccc(C)c34)[C@H]2[C@H]2C(=O)c3ccccc3[C@@H](c3c(C)[nH]c4ccc5c(C)cccc5c34)[C@H]2O1,-8.6,
1_222,Nc1nc(Nc2ccc3[nH]nc(N)c3c2)c2cc(-c3cc4ccccc4cc3F)ccc2n1,-10.3,
1_223,Cc1ccc(C)c(Nc2nc(Nc3cccc(C(=O)Nc4cccc5[nH]ncc45)c3)nc3ccc(C)cc23)c1,-9.9,
1_224,C[C@H]1CN(c2nc(-c3ccc4[nH]nc(-c5cccc6[nH]ccc56)c4c3)nc3ccc(-c4ccc5[nH]ncc5c4)cc23)C[C@@H](C)O1,-11.2,
1_225,Cc1cccc(C(N)=O)c1Nc1nc(-c2nc(-c3cc4c(cc3F)OCCO4)cc3ccccc23)nc2ccccc12,-10.5,
1_226,NC(=O)N1CCc2c3c(nc4ccccc24)CC(Nc2n[nH]c4ccc(-c5cc(-c6cc7c(cc6F)OCCO7)cc6cn[nH]c56)cc24)C3C1,-10.6,
1_227,Nc1nc(N)c2cc(Nc3nc4cc(F)ccc4cc3-c3cc(F)cc(-c4ccc5ncnc(N)c5c4)c3)c(F)cc2n1,-11.4,
1_228,C[C@@H]1CN(c2nc(N)nc3cc(F)c(Nc4nc(-c5cc6c(N)n[nH]c6cc5F)nc5ccccc45)cc23)C[C@@H](C)O1,-10.7,
1_229,Cc1ccc(Nc2nc(N)nc3ccc(F)cc23)cc1C(=O)N1C[C@@H](C)O[C@H](c2cccc(-c3cnc4[nH]nc(C)c4c3)c2)C1,-10.3,
1_230,Cc1ccc(C(=O)N2C[C@@H](C)O[C@H](C)C2)cc1Nc1nc(N)nc2cc(F)c(-c3cc4ccccc4cc3F)cc12,-10.5,
1_231,C[C@]1(F)C[C@@H]2CN(c3nc(Nc4cccc(-c5cc(C(N)=O)cc6nc(N)nc(N)c56)c4)nc4cc(F)c(-c5cc6ccccc6[nH]5)cc34)[C@@H]2C1,-9.6,
1_232,Cc1ccc(Nc2nc(N3CC4CC(F)CC43)nc3ccc(-c4ccc5[nH]ncc5c4)cc23)cc1C1=NNC(=O)C1,-10.3,
1_233,CC1(c2cccc(Nc3nc(N)nc4ccc(-c5ccc6[nH]ncc6c5)cc34)c2)NC(=O)NC1=O,-10.6,
1_234,Nc1nc(N)c2c(C(=O)N3CC4(COC5(CCN(Cc6cccc7ccccc67)CC5)O4)C3)cccc2n1,-8.8,
1_235,c1cc(Nc2nc(C3CCNCC3)cc3ccccc23)cc(-c2nc(Nc3cccc4[nH]ncc34)c3ccccc3n2)c1,-10.5,
1_236,Cc1nc2cc(O)ccc2cc1-c1cc(-c2ccc3[nH]nc(-c4c5c(cc6[nH]ncc46)CCNC5)c3c2)c2[nH]nc(-c3ccc4[nH]nc(-c5cncc6c5CNCC6)c4c3)c2c1,-10.8,
1_237,O=C1CC2(CC3(F)CN(C(=O)c4ccc5nc(Nc6cccc7[nH]ncc67)nc(Nc6ccc7[nH]ncc7c6)c5c4)CC3N2)C(=O)N1,-11.0,
1_238,C=C1C(=O)OC[C@@H]1[C@@]1(C(C)C)CC[C@@]23C[C@]4(C)O[C@@](C)(C5=C(O)[C@H](c6c(-c7c(C)[nH]c8cccc(C)c78)[nH]c7ccccc67)C(C)=C(C(N)=O)[C@H]5C)[C@@H]([C@@H]4CC2=O)[C@@](C)(O)[C@H]3C1,-8.8,
1_239,Nc1n[nH]c2ccc(-c3cc(-c4cc(-c5ccc6[nH]nc(N)c6c5)c5[nH]nc(N)c5c4)c4[nH]nc(N)c4c3)cc12,-10.8,
1_240,CC1(C)C2CC1N(C(=O)c1cc(Nc3nc(Nc4ccc5nc(N)ncc5c4)nc4cc(F)ccc34)c3[nH]nc(N)c3c1)C2,-11.1,
1_241,O=C1CCCC2C1c1c([nH]c3ccccc13)N2C(c1ccc2c(c1)oc1ccccc12)c1c[nH]c2ccccc12,-10.5,
1_242,Nc1n[nH]c2ccc(-c3cc(-c4ccc5[nH]nc(-c6ccc7cc[nH]c7c6)c5c4)cc4c(-c5cn[nH]c5)n[nH]c34)cc12,-10.6,
1_243,C[C]1CN(c2nc(N3C[C@@H]4C[C@@](C)(O)C[C@@H]43)c3cc(-c4cc(-c5ccc6[nH]ncc6c5)c5[nH]ncc5c4)c(F)cc3n2)C[C@@](C)(c2n[nH]c3ccccc23)C1,-10.1,
1_244,Nc1nc(N)c2cc(Nc3nc4cc(O)c(O)cc4cc3-c3cc(-c4ccc5[nH]ncc5c4)c4[nH]ncc4c3)c(F)cc2n1,-10.6,
1_245,C[C@H]1CN(c2nc(-c3ccc4[nH]nc(-c5ccc6c(c5)OCCO6)c4c3)nc3ccc(-c4ccc5[nH]nc(N)c5c4)cc23)C[C@@H](C)O1,-10.8,
1_246,C[C@@]1(O)CN(C(=O)c2cc(-c3n[nH]c4c(-c5ccc6[nH]nc(N)c6c5)cc(-c5cc6c(cc5F)OCCO6)cc34)c3cn[nH]c3c2)C[C@@](C)(F)C1,-11.3,
1_248,Nc1nc(-c2n[nH]c3ccc(-c4cc5ccccc5nc4Nc4cccc5ccccc45)cc23)c2cn[nH]c2n1,-11.5,
1_249,c1ccc2c(C3CC4(CCc5c4[nH]c4ccccc54)CN3C(c3c[nH]c4ccccc34)c3c[nH]c4ccccc34)c[nH]c2c1,-9.5,
1_250,CC1(C)CC(=O)C2c3cc(NC(=O)c4c[nH]c5ccccc45)ccc3N(S(=O)(=O)c3ccc4ccccc4c3)C2C1,-9.2,
1_251,Nc1n[nH]c2ccc(-c3ccc4ncnc(Nc5cc6c(cc5F)OCCO6)c4c3)cc12,-10.9,
1_252,O=C1COCCN1c1nc(N2CCOCC2)c2cc(Nc3nc(Nc4cccc5ccccc45)c4ccccc4n3)ccc2n1,-10.2,
1_253,Nc1nc(Nc2cccc(C(=O)N3CC4CC(F)CC4C3c3ccc4[nH]ncc4c3)c2)c2cc(-c3ccc4[nH]ncc4c3)ccc2n1,-11.4,
1_254,Nc1nc(Nc2cc(-c3cc(-c4ccc5c(c4)OCO5)cc4ccccc34)nc3ccccc23)nc2ccccc12,-11.1,
1_255,CC1(c2cccc(Nc3nc(-c4cc(F)cc(-c5ccc6[nH]nc(N)c6c5)c4)nc4ccccc34)c2)NC(=O)NC1=O,-11.1,
1_256,CN1Cc2cncc(-c3n[nH]c4ccc(-c5n[nH]c6c(-c7ccc8[nH]nc(N)c8c7)cc(-c7cc8c(cc7F)OCCO8)cc56)cc34)c2C1,-11.6,
1_257,O=C1CCC(N2C(=O)N(C(=O)CN3C(=O)C4(CC4)c4cc5ccccc5cc43)C3(CCC(F)C3)C2=O)C(c2n[nH]c3ccccc23)N1,-9.6,
1_258,Cc1ccc2c(Nc3nc(Nc4cc5c(cc4C)OCO5)c4cc(C5CCNCC5)ccc4n3)cccc2n1,-10.2,
1_259,C[C@H]1CN(c2cc(F)cc([C@@H]3CN(C(=O)c4cccc5cc(F)c(Nc6nc(Nc7cccc8nc(N)nc(N)c78)nc7ccccc67)cc45)C[C@@H](C)O3)c2)C[C@@H](C)O1,-11.3,
1_260,Nc1nc(N)c2cc(Nc3nc(N)nc4cc(F)c(Nc5nc(N6CCN(C7CNC(=O)C(F)C7)CC6)c6ccc(F)cc6n5)cc34)c(F)cc2n1,-11.0,
1_261,C[C@H]1CN(C(=O)c2cccc(Nc3c(-c4ccc5ccccc5c4)c(-c4ccc5ccccc5c4)nc4ccccc34)c2)C[C@@H](C)O1,-8.6,
1_262,C[C@@H]1CN(C(=O)c2cccc(Nc3nc(N4C[C@@H](C)O[C@H](C)C4)nc4ccc(-c5ccc6cccc(C(=O)N7C[C@@H](C)O[C@H](C)C7)c6c5)cc34)c2)C[C@@H](C)O1,-8.6,
1_263,Cc1n[nH]c2nc(N)nc(Nc3nc(N4C[C@@H](C)O[C@H](C)C4)c4cc(-c5cn(C6CC(F)(F)C6)c6ccccc56)ccc4n3)c12,-9.2,
1_264,Nc1nc(N2C(=O)COc3ccccc32)c2c(Oc3ccc(Nc4nc(N5C(=O)COc6ccccc65)nc5ccccc45)cc3F)cccc2n1,-9.7,
1_265,C[C@H]1CN(c2nc(-c3ccc4[nH]nc(-c5cccc6[nH]ncc56)c4c3)nc3ccc(-c4ccc5[nH]nc(N)c5c4)cc23)C[C@@H](C)O1,-11.3,
1_266,O=C1CCC(Cc2n[nH]c3ccc(-c4cc(F)cc(-c5ccc6[nH]nc(-c7cccc8[nH]nc(CC9CCC(=O)NC9=O)c78)c6c5)c4)cc23)C(=O)N1,-10.5,
1_267,Cc1cccc2c1NC(c1cnc3ccc(Nc4nc(N)cc(-c5cccc6[nH]ncc56)n4)cc3c1)CC2=O,-9.8,
1_268,C[C@H]1CN(c2nc3ccccc3nc2-c2ccc3nc(N)nc(Nc4cccc5ccccc45)c3c2)C[C@@H](C)O1,-10.0,
1_269,C[C@@H]1CN(c2nc(N)nc3cc(F)c(Nc4nc(-c5ccc6[nH]nc([C@@]7(C)NC(=O)NC7=O)c6c5)cc5ccccc45)cc23)C[C@@H](C)O1,-11.6,
1_270,Nc1nccc2cc3c(cc12)OCc1cccc(O)c1C3c1ccc2cc(-c3cc4ccc(C5CC(=O)NC5C(=O)N5CC6C(C(=O)O)C(=O)NC65)cc4[nH]3)ccc2c1,-9.3,
1_271,C[C@]1(F)C[C@@H]2CN(c3nc(N[C@@]4(C)C[C@H]5[C@@H]4C[C@H]4C[C@H]45)nc4cc(F)c(-c5cc(F)c6cn[nH]c(=O)c6c5)cc34)[C@@H]2C1,-10.2,
1_272,C[C@@H]1CN(c2nc(N)nc3cc(F)c(Nc4nc(-c5ccc6[nH]nc(-c7ccc8[nH]ncc8c7)c6c5)nc5ccccc45)cc23)C[C@@H](C)O1,-11.0,
1_273,C[C@@H]1CN(C(=O)c2cccc(Nc3nc(-c4ccc5[nH]ncc5c4)nc4ccc(F)cc34)c2)C[C@@H](c2cc(F)cc(F)c2)O1,-9.8,
1_274,CC1(c2cccc(Nc3nc(-c4ccc5cc(Br)ccc5c4)nc4ccccc34)c2)NC(=O)NC1=O,-10.2,
1_275,C[C@@H]1CN(C(=O)c2ccc3c(Nc4nc(N)nc5ccc(-c6ccc7[nH]ncc7c6)cc45)cccc3c2)C[C@@H](C)O1,-11.3,
1_276,Cc1c(N)ncc2nnn(-c3n[nH]c4ccc(-c5cc(C(=O)N6CCC7(CC6)C[C@@H](C(=O)N(C)C)O7)c6ccc(F)cc6c5)cc34)c12,-10.3,
1_277,C[C@@]12C[C@@]3(C)Cc4ccc(-c5ccc6ccccc6c5)cc4[C@@H]1[C@@]3(C)CN([C@H]1C(=O)NC(=O)C[C@@H]1c1c[nH]c3ccccc13)C2=O,-9.6,
1_278,C[C@H]1CN(c2ccc3c(-c4ccc5[nH]nc(-n6cnc7c(N)nc(N)cc76)c5c4)cc(-c4ccc5c(c4)OCCO5)nc3c2)C[C@@H](C)O1,-10.5,
1_279,Cc1cc(-c2cc(-c3cc4c(N)nc(N)nc4[nH]3)cc3c2[nH]c2ccccc23)nc(N2CC(F)C3(CC3F)C2)n1,-9.8,
1_280,CC1(c2cccc(Nc3nc(-c4cc(Br)c5ccccc5c4)nc4ccccc34)c2)NC(=O)NC1=O,-10.4,
1_281,Nc1nc(Nc2c3c(cc4[nH]ccc24)CNC3=O)c2cc(-c3cc4ccncc4cc3N3CCN(C4CCC(=O)NC4=O)CC3)ccc2n1,-10.8,
1_282,C[C@H]1CN(c2nc(-c3cc(-c4cccc5[nH]ncc45)nc4[nH]ncc34)nc3ccc(-c4cc(F)c5ccccc5c4)cc23)C[C@@H](C)O1,-9.8,
1_283,C[C@@H]1COC(=O)N1c1nc(Nc2cccc(C(=O)N3CC[C@@H](Oc4cccc5nc(N6C(=O)OC[C@H]6C)nc(N6C(=O)OC[C@H]6C)c45)C3)c2)c2ccccc2n1,-11.0,
1_284,C[C@@H]1C[C@@H]2CN(C(=O)c3cccc(Nc4nc(N5C[C@](C)(c6cc7cn[nH]c7cc6F)O[C@@](C)(N)C5)nc5ccc(-c6ccc7[nH]ncc7c6)cc45)c3)[C@H](C)[C@@H]2C1,-9.4,
1_286,Cc1cccc2c1N(C1C(=O)N(C(c3c[nH]c4ccccc34)C3CC(=O)NC3=O)C3C(=O)NNC3C1c1c[nH]c3ccccc13)C(=O)C2,-7.9,
1_287,Cc1n[nH]c2nc(N)nc(Nc3nc(-c4cc5c(cc4F)OCCO5)nc4cc(C5(C)CC(C)C(=O)N5)ccc34)c12,-10.1,
1_288,CC1(C(=O)N2CC3(CC(N4C(=O)c5cc(-c6ccc7[nH]nc(-c8cccc9[nH]c%10c(c89)CNCC%10)c7c6)cc(F)c5C4=O)CN(C4CCC(=O)NC4=O)C3=O)C2)CNC(=O)N1,-11.4,
1_290,Nc1n[nH]c2ccc(-c3cc(-c4ccc5c(c4)OCCO5)cc4c(-c5ccc6[nH]nc(-c7cncc8c7CNCC8)c6c5)n[nH]c34)cc12,-11.4,
1_291,Nc1nc(N)c2cc(Nc3nc4cc(F)c(F)cc4cc3-c3cc(F)cc(-c4ccc5[nH]nc(N)c5c4)c3)c(F)cc2n1,-11.6,
1_292,C[C@@H]1CN(C(=O)c2cccc(Nc3nc(N)nc4ccc(-c5cc6ccccc6cc5F)cc34)c2)C[C@@H](C)O1,-10.2,
1_293,Cc1ccc(C(=O)N2C[C@@H](C)O[C@H](C)C2)cc1Nc1nc(N)nc2ccc(-c3ccc4[nH]nc(-c5ccc6[nH]ncc6c5)c4c3)cc12,-11.2,
1_294,Cc1cc(-c2nc(Nc3ccc4nc(N)nc(N)c4c3)c3ccccc3n2)c2ccccc2c1,-10.7,
1_295,O=C1c2ccccc2NC(c2ccc3c(c2)OCC(c2c[nH]c4ccccc24)O3)c2[nH]c3ccccc3c21,-10.0,
1_297,Cc1ccc2nc(Nc3cc4c(N5C[C@@H](C)O[C@H](C)C5)nc(N5C[C@@H](C)O[C@H](C)C5)nc4cc3C)nc(Nc3cc4c(N5C[C@@H](C)O[C@H](C)C5)nc(N5C[C@@H](C)O[C@H](C)C5)nc4cc3C)c2c1,-10.4,
1_298,CN1C(=O)Cc2cc(Nc3nc(-c4cc(-c5ccc6ccccc6c5)cc5ccccc45)nc4ccccc34)ccc21,-10.9,
1_299,C[C@@H]1CN(c2nc(N)nc3cc(F)c(Nc4nc(-c5ccc6[nH]ncc6c5)cc5ccccc45)cc23)C[C@@H](C)O1,-9.9,
1_300,Cc1ccc(-c2cc3c(N)n[nH]c3cc2F)cc1Nc1nc(-c2cc3c(cc2F)OCCO3)nc2ccccc12,-10.3,
1_302,Nc1nc(N2CCOCC2F)c2cc(Nc3nc(-c4c[nH]c5ccccc45)nc4ccccc34)ccc2n1,-10.8,
1_303,Nc1nc(N2CCOCC2)c2c(Nc3nc(-c4c[nH]c5ccc(Br)cc45)nc4ccccc34)cccc2n1,-10.0,
1_304,C[C@@H]1CN(c2nc(N3CCOCC3)c3cc(Nc4nc(-c5ccc6ccccc6c5)nc5ccccc45)c(F)cc3n2)CC(C)(C)O1,-10.9,
1_305,CN1c2ccccc2C2C(c3c[nH]c4ccccc34)N(CC(=O)Nc3ccc4cc(-c5ccc6ccccc6c5)ccc4c3)C(=O)C21,-10.0,
1_306,C[C@H]1CN(C(=O)[C@@H]2CCN(c3cccc4cc([C@@H]5Nc6c(ccc7ccccc67)[C@H]6C=CC(=O)[C@H]65)ccc34)C2)C[C@@H](C)O1,-10.0,
1_307,C[C@@H]1CN(c2nc(N)nc3cc(F)c(Nc4nc(-c5ccc6[nH]ncc6c5)nc5ccccc45)cc23)C[C@@H](C)O1,-10.2,
1_308,Nc1nc(N)c2cc(Nc3n[nH]c4ccc(-c5cc(F)c6c(c5)C(F)C5CC(=O)NC(=O)C5N6C5CCC(=O)NC5)cc34)c(F)cc2n1,-9.2,
1_309,Cc1ccc(Nc2nc(Nc3ccc4nc(N)nc(N)c4c3)nc3ccccc23)cc1C(=O)N1C[C@@H](C)O[C@H](c2cc3c(N4C[C@@H](C)O[C@H](C)C4)nc(N)nc3cc2F)C1,-10.0,
1_310,CC1(c2cccc(Nc3nc(-c4cc(-c5ccc6nc[nH]c6c5)c5ccccc5c4)nc4ccccc34)c2)NC(=O)NC1=O,-11.1,
1_311,CC1(C(=O)N2CC3(CN(C(=O)c4cc(-c5ccc6nc(N)nc(N)c6c5)nc5cc(F)ccc45)C3)c3ccc(F)cc32)CCC(=O)N1,-10.1,
1_312,CN1CC2(CCc3cc(NC(=O)c4cc(-c5cc6c(N)nc(N)nc6cc5F)cc(F)c4F)c(-c4c[nH]c5ccccc45)cc32)C2CC(=O)NC(=O)C21,-9.7,
1_313,CC1(C)C[C@@H]1[C@]1(O)CN(C(=O)c2cc(-c3n[nH]c4ccc(-c5cc(-c6cc7c(cc6F)OCCO7)cc6cn[nH]c56)cc34)c3cn[nH]c3c2)C[C@](C)(N)C1,-11.0,
1_314,Nc1nc(Nc2cccc(C(=O)N3CCC(=O)C4C(F)CC43)c2)c2cc(-c3ccc4[nH]ncc4c3)ccc2n1,-11.3,
1_315,Nc1nc2ccccc2cc1-c1cccc(C2Nc3ccccc3C3=C2C(=O)c2ccc(O)cc2C3c2c[nH]c3ccccc23)c1,-9.2,
1_316,O=C1NC(c2n[nH]c3c(-c4c[nH]c5ccccc45)cc(-c4ccc5ccccc5c4)cc23)Nc2ccccc21,-10.8,
1_317,CC1CN(C)C(C)C2(CN(C(=O)C3CCC(=O)NC3=O)C2)CN1C(=O)c1cccc(Nc2nc(Nc3cccc4ccccc34)c3ccccc3n2)c1,-8.8,
1_318,CC1C(=O)NC(=O)N1C(=O)c1cccc(Nc2nc(-c3nc(-c4ccc5c(c4)OCCO5)cc4ccccc34)nc3ccccc23)c1,-10.1,
1_319,C[C@@H]1CN(c2nc(N3C[C@@H](C)O[C@H](C)C3)c3cc(Nc4nc(-c5ccc6[nH]nc(-c7nc(N)nc8[nH]ncc78)c6c5)nc5ccccc45)ccc3n2)C[C@@H](C)O1,-10.8,
1_320,C[C@H]1CN(c2nc(-c3cccc4[nH]ncc34)nc3ccc(-c4ccc5cc(C(=O)N6C[C@@H](C)O[C@H](C)C6)ccc5c4)cc23)C[C@@H](C)O1,-9.5,
1_321,Nc1nc(N)c2cc(Nc3nc(-c4cc(F)cc(C(=O)N5CCC(F)C5)c4)nc4ccccc34)c(F)cc2n1,-10.3,
1_322,O=C1CC2CC1C(Nc1cc(-c3ccc4ccccc4c3)nc3ccccc13)C2c1c[nH]c2ccccc12,-10.0,
1_323,Cc1[nH]c2ccccc2c1C(c1ccc2[nH]c3ccc4c(c3c2c1)CC(=O)N(C)C4)c1c(C)[nH]c2ccccc12,-10.3,
1_324,C[C@@H]1CN(C(=O)c2cccc(Nc3nc(Nc4ccc5cc[nH]c5c4)nc4ccc(-c5cccc(C(N)=O)c5)cc34)c2)C[C@@H](C)O1,-9.6,
1_325,Nc1nc(N2CCOCC2F)c2cc(Nc3nc4ccccc4cc3-c3cc(F)cc(C(=O)N4CCOC4)c3)c(F)cc2n1,-10.8,
1_326,Nc1nc(N)c2cc(C3CN(C4CCC(=O)NC4=O)CN3C(=O)c3ccc4c(Nc5nc(N)nc6ccccc56)cccc4c3)ccc2n1,-10.2,
1_327,Nc1nc(N)c2cc(Nc3nc(-c4cc(F)cc(-c5cccc(F)c5)c4)nc4ccccc34)c(F)cc2n1,-11.3,
1_328,Cc1[nH]c2ccccc2c1[C@H]1C(=O)N2c3c(F)cccc3C[C@@H]2CC(=O)N1C(=O)[C@@H]1C[C@H](C(=O)N2C[C@]3(C(=O)N4C[C@]5(C)C[C@H]4C5(C)C)C[C@H]2C3)N(C(=O)[C@]2(C)CCc3ccccc32)C1,-9.5,
1_329,CN1CC(n2cc(C(N)=O)c3nc(Nc4cccc5nc(N)ccc45)c(-c4ccc5ccccc5c4)cc32)CC1=O,-10.9,
1_330,Nc1n[nH]c2cc3ccccc3c(-c3cccc(Nc4nc(-c5cc6c(cc5F)OCCO6)nc5ccccc45)c3)c12,-10.0,
1_331,C[C@@H]1CN(C(=O)c2cccc(Nc3nc(-c4nc(N)nc5[nH]ncc45)nc4ccc(F)cc34)c2)C[C@@H](c2cc(F)cc(F)c2)O1,-10.7,
1_332,Nc1n[nH]c2ccc(-c3cccc(Nc4nc(-c5cccc6[nH]ncc56)nc5ccccc45)c3)cc12,-10.9,
1_333,Cc1ccc(-c2nccc3[nH]nc(N)c23)cc1Nc1nc(-c2cc3c(cc2F)OCCO3)nc2ccccc12,-9.9,
1_334,C[C@@H]1CN(c2nc(-c3ccc4[nH]nc(-c5cccc6nc(N)nc(N)c56)c4c3)nc3cc4c(cc23)N([C@@]2(C(=O)NC(=O)N3C[C@H](F)C[C@H]3F)CO[C@H]3[C@@H]2C[C@]32CBCC2)CC4)C[C@@H](C)O1,,"
Parse error on line 43 in file ""/tmp/Mpro_7L11/Mpro_7L11-vina-gpu/1_334_61296.pdbqt"": ATOM syntax incorrect: ""B"" is not a valid AutoDock type. Note that AutoDock atom types are case-sensitive.
No valid ligands in the input directory
"
1_335,Cc1nc2cc(O)ccc2cc1-c1cc(-c2cc(O)c3ccccc3c2)c2[nH]c3ccccc3c2c1,-9.2,
1_336,C[C@H]1CN(c2n[nH]c3ccc(-c4cc(-c5ccc6[nH]nc(Nc7cccc([C@@]8(C)NC(=O)NC8=O)c7)c6c5)cc5cn[nH]c45)cc23)C[C@@]1(C)F,-11.5,
1_337,CC1CCOc2ccccc2N1C(=O)c1ccc(-c2nc(Nc3ccc4nc(N)nc(N)c4c3)c3ccccc3n2)c2ccccc12,-10.5,
1_338,O=C(c1c(-c2n[nH]c3ccccc23)[nH]c2ccccc12)N1CCCC2(COc3ccccc32)C1,-9.0,
1_339,Fc1cc2nc(N3CCOCC3F)nc(N3CCOCC3)c2cc1Nc1nc(-c2ccc3c(c2)OCO3)nc2ccccc12,-10.5,
1_340,Cc1ccc(C(=O)N2C(C)OC3(CN(C(=O)c4cn(-c5ccc6nc(N)nc(N)c6c5)nc4C)C3)C2(C)C)cc1Nc1nc(N)nc2ccccc12,-10.1,
1_341,O=C1C2Cc3c(ccc4ccccc34)CC2C(c2c[nH]c3ccccc23)N1CC(=O)N1N=C2c3ccccc3CC2C1c1c[nH]c2ccccc12,-11.1,
1_342,Cc1cc2nc(N)nc(N3C[C@@H](C)O[C@H](C)C3)c2cc1Nc1nc(N2CC[C@]3(CNc4ccccc43)C2)nc2ccccc12,-9.7,
1_343,O=C1OCC2C1CN2c1nc(N2CC3C(=O)OCC32)c2cc(-c3ccc4ccccc4c3)ccc2n1,-9.4,
1_344,Cc1cc2nc(N3CC(C)(C)O[C@](C)(F)C3)nc(N3CCOC[C@H]3C)c2cc1Nc1cc(-c2cccc3nc(N)nc(N)c23)nc2ccccc12,-10.7,
1_345,C[C@@H]1CN(c2nc(N3C[C@@H](C)O[C@H](C)C3)c3cc(-c4nc(N5C[C@@H](C)O[C@H](C)C5)c5cc6c(cc5n4)CCN6[C@@]4(C)C5=CC(=O)[C@](C)(O)C(C)(C)[C@@H]5[C@H]5C[C@H]54)cc(F)c3n2)C[C@@H](C)O1,-8.7,
1_346,Nc1nc(N)c2cc(Nc3nc(-c4c(F)ccc5ccccc45)nc4ccccc34)ccc2n1,-10.7,
1_347,Oc1cc2cc(-c3ccc(F)cc3)c(Nc3ccc4nc(N5CCOCC5F)nc(N5CCOCC5F)c4c3)nc2cc1F,-9.7,
1_348,Nc1nc(Nc2cccc(C(=O)N3CC4CC(F)CC4C3c3ccc4[nH]ncc4c3)c2)c2cc(-c3cccc(F)c3)ccc2n1,-10.6,
1_349,CC1(C)[C@H]2[C@@H]3C[C@](C)(C[C@@H]2[C@@H]2C[C@H](N4C(=O)c5ccccc5C4=O)[C@@H]4CC(=O)C[C@@](C)([C@@H]4NC(=O)[C@@]4(c5c[nH]c6ccccc56)CC[C@@H]5NC(=O)[C@@H](C(=O)N[C@H]6CCCc7ccc8ccccc8c76)[C@@H]54)[C@H]21)C3=O,-8.3,
1_350,Cc1cc2nc(N)nc(N)c2cc1Nc1nc(Nc2cc3c(N)nc(N)nc3cc2C)c2ccc(C3CC4CC3C(=O)C(C)(C)C4=O)cc2n1,-10.0,
1_351,Cc1cc2cc3c(cc2c(-n2ncc4cnc(-c5c[nH]c6ccc(C(=O)N7CC(=O)N(C)CC7C)cc56)cc42)n1)-c1cc2c(cc1CC3)OCO2,-10.1,
1_352,Cc1c(-c2ccc3ccccc3c2)nc2nc(N)nc(N)c2c1C(=O)N1CC2(CC(=O)c3ccccc32)C1,-10.0,
1_353,C[C@@H]1CN(C(=O)c2ccc3c(Nc4nc(N)nc5ccc(-c6ccc7[nH]ncc7c6)cc45)cccc3c2)C[C@@H](C)O1,-11.3,
1_354,C[C@@H]1C[C@@H]2Oc3cc(-c4ccc5nc(N)nc(Nc6cccc7cc[nH]c67)c5c4)cc(c3)N(C(=O)[C@]3(C)CCN(C(=O)[C@]4(C)CCN(C(=O)[C@@]5(C)CCN(C(=O)[C@]6(C)CCN(C(=O)[C@]7(C)CCN(C)C7)C6)C5)C4)C3)CCC[C@@H]2O1,-9.4,
1_355,O=C1NC(=O)C2C1C=CC2N1C(=O)C2C=CC(N3C(=O)C4c5[nH]c6ccccc6c5C(c5c[nH]c6ccccc56)C4C3=O)C2C1=O,-10.6,
1_356,C[C@@H]1O[C@](C)(F)CN1C(=O)c1cn(C)nc1Nc1nc(-c2nc(-c3cc4c(cc3F)OCCO4)cc3ccccc23)nc2ccccc12,-11.0,
1_357,O=C1NC(=O)c2cc3c(cc21)CC1NC(=O)c2cc4c(cc2C31)-c1c(c2[nH]c3ccccc3c2c2ccccc12)CO4,-10.1,
1_358,Cc1ccc(C(=O)N2CC3CC3C2C)cc1Nc1nc(N2CC3CC(F)CC32)nc2ccc(-c3ccc4[nH]ncc4c3)cc12,-10.3,
1_359,C[C@@H]1CN([C@H](c2ccc3nc(N)nc(N)c3c2)c2ccc3[nH]cc(-c4cc(-c5cc6c(cc5F)OCO6)cc5cn[nH]c45)c3c2)C[C@@H](C)O1,-10.8,
1_360,Nc1n[nH]c2ccc(-c3cc(Nc4cccc(-c5cc6c(N)n[nH]c6cc5F)c4)c4ccccc4n3)cc12,-10.5,
1_361,C[C@@H]1CN(c2nc(N)nc3cc(F)c(Nc4nc(-c5cc6cn[nH]c6cc5F)nc5ccccc45)cc23)C[C@@H](C)O1,-10.1,
1_362,C[C@@H]1CN(C(=O)c2ccc3c(Nc4nc(N)nc5ccc(-c6ccc7[nH]nc(-c8nc(N)nc9[nH]ncc89)c7c6)cc45)cccc3c2)C[C@@H](C)O1,-11.9,
1_363,CC1(c2cccc(Nc3nc(-c4cc5ccccc5nc4N)nc4ccccc34)c2)NC(=O)NC1=O,-10.3,
1_364,Cc1cc2ccccc2nc1-c1ccc2nc(N)nc(Nc3ccc4nc(N)nc(N5CCOCC5F)c4c3)c2c1,-11.2,
1_365,Nc1n[nH]c2ccc(-c3ccc4nc(Nc5cc6cn[nH]c6cc5F)nc(N5CCC6C(=O)CCCC65)c4c3)cc12,-9.5,
1_367,C[C@@H]1CN(c2nc(N3C[C@@H](C)O[C@H](C)C3)c3cc(Nc4nc(-c5ccc6[nH]ncc6c5)nc5ccccc45)ccc3n2)C[C@@H](C)O1,-9.7,
1_368,Nc1nc(Nc2cccc3cc[nH]c23)c2cc(-c3cc(F)cc(C4CC5(F)CCN4C5)c3)ccc2n1,-10.5,
1_369,Cc1ccc(C(=O)N2C[C@@](C)(O)C[C@@](C)(c3ccc4nc(N)nc(N)c4c3)C2)cc1Nc1nc(F)c2cc(-c3cc4c(cc3F)OCCO4)ccc2n1,-9.9,
1_370,C[C@]12CC[C@H](C1=O)[C@H](c1cc3cc(-c4c[nH]c5ccccc45)ccc3[nH]1)N(C(=O)c1c[nH]c3ccccc13)[C@H]2c1c[nH]c2ccccc12,-8.5,
1_371,Cc1cnc2[nH]ccc2c1-c1ccc2c(-c3nc(-c4cc5c(cc4F)OCCO5)cc4ccccc34)n[nH]c2n1,,
1_372,CC1C(=O)NC(=O)N1C(=O)c1cc2c(n1C)-c1ccccc1NC2c1cccc(-c2cc3ccccc3[nH]2)c1,-9.6,
1_373,Cc1ccc(C(=O)N2c3ccccc3OCC2C)cc1Nc1nc(-c2cc3c(cc2F)OCCO3)nc2ccccc12,-8.8,
1_374,CC(=O)[C@@]1(C)[C@H]2C3=CC[C@@]4(Cc5[nH]c6ccccc6c5-c5[nH]c6ccccc6c5C(=O)N4)C[C@]3(C)CC[C@@]2(C)CC[C@@]1(C)[C@@H]1CNC2=CCC(=O)C(C)(C)[C@H]21,-8.7,
1_375,Nc1nc(N)c2c(NC(=O)c3cccc(Nc4nc(Nc5cccc6ccccc56)c5ccccc5n4)c3)cccc2n1,-10.4,
1_376,C[C@H]1CN(c2nc(-c3ccc4[nH]nc(-c5cccc6[nH]ncc56)c4c3)nc3ccc(-c4ccc5[nH]ncc5c4)cc23)C[C@@H](C)O1,-11.4,
1_377,CN1CCC2c3ccc(-c4ccc5nc(N)nc(Nc6cccc7nc(N)nc(N)c67)c5c4)cc3CC21,-10.1,
1_378,Cc1ccc(C(=O)N2C[C@@H](C)O[C@H](c3cc(F)cc(-c4ccc5nc(N)nc(N)c5c4)c3)C2)cc1Nc1nc(N)nc2ccccc12,-10.6,
1_379,C[C@H]1CN(c2nc(-c3ccc4[nH]nc(-c5nc(N)nc6[nH]ncc56)c4c3)nc3ccc(-c4ccc5[nH]ncc5c4)cc23)C[C@@H](C)O1,-11.4,
1_380,C[C@@H]1CN(C(=O)c2cccc(Nc3nc(N)cc4ccc(-c5[nH]cc6ccccc56)cc34)c2)C[C@@H](C)O1,-9.8,
1_381,Cc1n[nH]c2c(Nc3nc(-c4ccc5ccccc5c4)nc4ccccc34)cc(C3(C)SC(=O)NC3=O)cc12,-10.2,
1_382,Nc1ncnc2cccc(-c3cccc(Nc4nc(N5CC6(F)CC5C6)c5cc(-c6ccc7[nH]ncc7c6)c(F)cc5n4)c3)c12,-9.7,
1_383,Nc1nc(N)c2cc(-c3cccc(Nc4nc(Nc5cc6ccccc6cc5F)c5ccccc5n4)c3)c(F)cc2n1,-10.8,
1_384,Nc1nc(Nc2cccc(C(=O)N3c4cc(-c5c6ccccc6nc6[nH]ncc56)ccc4OC4CCCCC43)c2)c2ccccc2n1,-10.2,
1_385,Nc1nc(N)c2cc(Nc3nc(-c4ccc5ccccc5c4)nc4ccccc34)ccc2n1,-10.0,
1_386,C[C@H]1C[C@@H]2C(=O)c3cc4nc(-c5ccc6[nH]nc(-c7ccc8[nH]nc(-c9cccc%10[nH]nc(N)c9%10)c8c7)c6c5)nc(N5C[C@@H](C)O[C@H](C)C5)c4cc3N(C)[C@]2(C)C1,-10.7,
1_387,CC1(C)CN(c2nc(N)nc3cc(F)c(Nc4nc(-c5ccc6cc(F)ccc6c5)nc5ccccc45)cc23)CC(C)(C)O1,-10.5,
1_388,Cc1ccc2cc(Nc3nc(Nc4nc(N5CCC6(CCCO6)C5)nc5ccccc45)c4ccc(C)nc4n3)c(F)cc2c1,-11.4,
1_389,Cc1n[nH]c2cccc(-c3n[nH]c4cccc([C@@H]5CN([C@H]6C[C@@H]7CCN(C(=O)[C@H]8CN([C@H]9CCC(=O)NC9=O)C(=O)[C@@]9(CCNC9)C8)[C@@H]7c7[nH]c8ccccc8c76)C[C@H](C)O5)c34)c12,-9.8,
1_390,Cc1cc(C2C3CC(F)CC3CN2C(=O)c2cccc(Nc3nc(N)nc4ccc(-c5cccc(C(F)(F)F)c5)cc34)c2)c2cn[nH]c2n1,-9.2,
1_391,Cc1ccc(C(=O)N2C[C@@H](C)O[C@H](c3cccc(-c4nc(N)nc5[nH]nc(C)c45)c3)C2)cc1Nc1nc(N)nc2ccccc12,-9.7,
1_392,C[C@@H]1CN(c2nc(N)nc3cc(F)c(Nc4nc(Nc5cccc6nc(N)nc(N)c56)nc5ccccc45)cc23)C[C@@H](C)O1,-11.6,
1_393,C[C@@]1(O)CN(c2nc(Nc3cc4c(cc3F)OCC4)c3cc(-c4ccc5c(N)nc(N6C[C](O)C[C@@](C)(O)C6)nc5c4)c(O)cc3n2)C[C@](C)(O)C1,-9.2,
1_394,Cc1ccc2nc(N)nc(N)c2c1Nc1ccc(Nc2ncnc3ccc(N4CCC(F)C4)cc23)cc1F,-8.1,
1_395,Nc1nc(N)c2c(Oc3ccc(Nc4nc(C5CCNCC5)cc5ccccc45)cc3F)cccc2n1,-8.9,
1_396,C[C@@H]1CN(c2nc(N)c3cc(-c4nc(-c5cc6c(cc5F)OCCO6)cc5ccccc45)ccc3n2)C[C@@H](C)O1,-10.3,
1_397,C[C@@H]1CN(C(=O)c2ccc3c(Nc4nc(N)nc5ccc(-c6ccc7[nH]nc(N)c7c6)cc45)cccc3c2)C[C@@H](C)O1,-11.5,
1_398,Cc1n[nH]c2ccc(-c3nc(Nc4cc5c(N6C[C@@H](C)O[C@H](C)C6)nc(N)nc5cc4F)c4ccccc4n3)cc12,-10.6,
1_400,Cc1cc(C)cc(Nc2nc(N)nc3ccc(Nc4nc(-c5cccc6[nH]ncc56)cc5ccccc45)cc23)c1,-10.8,
1_401,C[C@@H]1CN(c2nc(N)nc3cc(F)c(Nc4nc(Nc5cccc6nc(N)nc(N)c56)nc5ccccc45)cc23)C[C@@H](C)O1,-11.3,
1_402,CC1(C)CC2(CC(N3C(=O)C(c4c[nH]c5ccccc45)CC34CC3(CCC5C3C5(C)C)CNC4=O)C(=O)N2)C2=C1C=C2,-9.3,
1_403,Cn1c(Nc2cccc3ccc(-c4cc(-c5ccc6ccccc6c5)cc5ccccc45)cc23)nc2cnc(N)nc21,-10.5,
1_404,C[C@H]1CN(c2nc(-c3ccc4[nH]nc(-c5cccc6[nH]ccc56)c4c3)nc3ccc(-c4ccc5[nH]ncc5c4)cc23)C[C@@H](C)O1,-10.7,
1_405,CC1(C)CN(c2nc(N3C[C@H]4C[C@](C)(F)C[C@H]43)c3cc(-c4ccc5[nH]ncc5c4)c(F)cc3n2)C[C@]12C[C@]13CC(=C1CCC3=O)[C@](C)(O)C2,-10.0,
1_406,Nc1n[nH]c2ccc(Nc3c(Nc4cccc(-c5ccc6[nH]ncc6c5)c4)c(-c4ccc5[nH]nc(N)c5c4)nc4ccccc34)cc12,-10.9,
1_407,C[C@@H]1CN(c2nc(N)nc3cc(F)c(Nc4nc(-c5ccc6[nH]nc(N)c6c5)nc5ccccc45)cc23)C[C@@H](C)O1,-10.5,
1_408,O=C(c1cc2ccc(-c3ccc4[nH]c5ccccc5c4c3)cc2[nH]1)c1cccc2[nH]c3ccccc3c12,-10.1,
1_409,NC(=O)c1c(C2CCNCC2)nc(Nc2cccc3nc(Nc4n[nH]c5ccccc45)ccc23)c2ccccc12,-8.8,
1_410,CC1CN(c2cccc3[nH]nc(-c4cccc5[nH]ncc45)c23)C(=O)CN1C(=O)C1CC(Nc2cc(-c3cc4c(cc3F)OCCO4)cc3ccccc23)C1,-9.5,
1_411,Cc1cc2cc[nH]c2nc1N[C@H]1CC(=O)N(c2cc(-c3cc4c(cc3F)OCCO4)cc3ccccc23)C1,-8.9,
1_412,C[C@@H]1CN(c2ccc3c(Nc4nc(-c5cc(F)c6ccccc6c5)nc5ccccc45)cccc3n2)C[C@@H](C)O1,-10.3,
1_413,c1ccc2cc(-c3cc4[nH]c5ccccc5c4nc3-c3ccc4ccccc4c3)ccc2c1,-8.5,
1_414,C[C@H]1CN(c2nc(-c3ccc4nc(N5C[C@@H](C)O[C@H](C)C5)nc(N5C[C@@H](C)O[C@H](C)C5)c4c3)nc3ccc(-c4cc5ccccc5c(N5C[C@@H](C)O[C@H](C)C5)n4)cc23)C[C@@H](C)O1,-8.4,
1_415,Cc1nc2cc(C3(C4CC5CCCC5N(C)C4)NC(=O)NC3=O)ccc2cc1-c1cc(-c2cc3ccccc3[nH]2)c2[nH]ncc2c1,-9.4,
1_416,O=C(Nc1cccc2[nH]ncc12)c1cccc2c1NC(c1ccc3c(c1)OCC(c1c[nH]c4ccccc14)O3)NC2c1c[nH]c2ccccc12,-10.0,
1_417,C[C@@]1(O)CN(c2ccc(F)c3c2NC(=O)C[C@H]3c2ccc3[nH]ccc3c2)C[C@@]12CCC[C@](O)(c1n[nH]c3ccccc13)C2,-9.8,
1_418,Nc1nc(N)c2cc(N3CC(O)N(C(=O)c4cccc(Nc5nc(Nc6cccc7ccccc67)c6ccccc6n5)c4)CC3=O)ccc2n1,-11.7,
1_419,CC1(c2cccc(Nc3nc(-c4nc(-c5cc6c(cc5F)OCCO6)cc5ccccc45)nc4ccccc34)c2)CS(=O)(=O)NC1=O,-11.2,
1_420,Nc1nc(N)c2c(Nc3nc(-c4cc(F)c5cc(F)ccc5c4)nc4ccccc34)cccc2n1,-10.3,
1_421,Cc1nc2ccccc2cc1-c1cc(CN2CCC(F)C2)c2[nH]nc(-c3ccc4[nH]nc(-c5c6c(cc7[nH]ncc57)CNC6=O)c4c3)c2c1,-9.7,
1_422,Nc1nc(N)c2cc(Nc3nc(N)nc4ccc(C(=O)N5CCC6(CC5)CC(F)C6)cc34)c(F)cc2n1,-9.6,
1_423,C[C@@H]1CN(c2nc(N3C[C@@H](C)O[C@H](C)C3)c3cc(-c4cc5c(N6C[C@@H](C)O[C@H](C)C6)nc(N)nc5c5ccc(F)cc45)c(F)cc3n2)C[C@@H](C)O1,-9.5,
1_424,Nc1n[nH]c2ccc(-c3cc(-c4cc5c(cc4F)OCO5)cc4c(-c5ccc6[nH]nc(-c7cncc8c7CNCC8)c6c5)n[nH]c34)cc12,-11.5,
1_425,C[C@H]1CN(c2cc(F)cc(-c3nc(Nc4cc5c(N)nc(N)nc5cc4F)c4ccccc4n3)c2)C[C@@H](C)O1,-10.1,
1_426,C[C@@H]1CN(c2nc(N)nc3ccc(Nc4nc5ccccc5cc4-c4ccc5[nH]nc(N)c5c4)cc23)C[C@@H](C)O1,-10.8,
1_427,C[C@@H]1CN(c2nc(-c3ccc4[nH]nc(-c5ccc6[nH]nc(-c7c8c(nc9[nH]ncc79)CCN8)c6c5)c4c3)nc3cc4c(cc23)N(C)CC4)C[C@@H](C)O1,-10.8,
1_428,Nc1nc(Nc2cccc(C(=O)N3c4ccccc4OCC3c3ccc4c(c3)CCO4)c2)c2cc(F)ccc2n1,-9.6,
1_429,Nc1nc(N)c2cc(Nc3nc(-c4cc(F)cc(-c5ccc6[nH]nc(N)c6c5)c4)nc4ccccc34)c(F)cc2n1,-11.3,
1_430,Nc1nc(Nc2n[nH]c3ccc(-c4cc(-c5ccc6ccccc6c5)c5[nH]c6ccccc6c5c4)cc23)c2cn[nH]c2n1,-10.8,
1_431,C[C@H]1CN(c2nc(Nc3cccc4ccccc34)c3cc(-c4ccc5[nH]ncc5c4)ccc3n2)C[C@@H](C)O1,-9.6,
1_432,Cc1c2c(nc3ccccc13)CC(C)(C(=O)N1CCC(c3nc(Nc4ccc5nc(N)nc(N)c5c4)c4ccccc4n3)CC1)O2,-11.3,
1_433,C[C@@H]1CN(C(=O)c2cccc(Nc3nc(N)nc4ccc(-c5ccc6c(C(F)(F)F)cccc6c5)cc34)c2)C[C@@H](C)O1,-9.4,
1_434,Nc1nc(Nc2cc3c(cc2F)OCCO3)c2cc(-c3cc(F)cc(C(=O)N4CCOCC4)c3)ccc2n1,-10.7,
1_435,Nc1nc(N)c2cc(Nc3nc(Nc4cccc5ccccc45)c4cc(N5CCN(C6CNC(=O)C(O)C7C(=O)NC(=O)CC76)CC5)ccc4n3)ccc2n1,-10.0,
1_436,CC(=O)N1CCC(C(=O)N2Cc3ccc4c(Nc5ccc(C)c(Nc6c7c(nc8ccccc68)CNC7)c5)ncnc4c3C2)CC1,-9.8,
1_437,O=C1NC(=O)C(c2cccc(N3C(=O)NC4CC(=O)N(Cc5ccc6c(c5)CCO6)C43c3n[nH]c4ccccc34)c2)(c2n[nH]c3ccccc23)N1,-10.3,
1_438,Cc1cc(F)c2[nH]ncc2c1-c1cccc(Nc2nc(N3C[C@H]4C[C@](C)(F)C[C@H]43)c3cc(-c4ccc5[nH]ncc5c4)c(F)cc3n2)c1,-10.9,
1_439,Cc1ccc(-c2n[nH]c3nc(N)nc(N)c23)cc1Nc1cc(-c2cc3c(cc2F)OCCO3)nc2cc(F)ccc12,-10.2,
1_440,NC1C2CC1N(c1nc(Nc3nc(Nc4cc5ccccc5cc4F)c4ccccc4n3)c3cc(O)c(F)cc3n1)C2,-9.6,
1_441,O=C1NC(=O)C(N2CC3C4CC(=O)C(C4)C(N4C(=O)c5ccccc5C4c4ccc5c(c4)OCCO5)C3C2=O)c2ccccc21,-8.8,
1_442,Nc1n[nH]c2cccc(-c3cc4ccccc4c(Nc4cccc(-c5ccc6[nH]nc(-c7cccc8[nH]nc(N)c78)c6c5)c4)n3)c12,-10.7,
1_443,NC(=O)c1ccc2c(c1)c1ncnc(N)c1n2-c1n[nH]c2ccc(-c3cc(F)cc(C(=O)N4CCC5(CC4)OCCO5)c3)cc12,-10.9,
1_444,Nc1nc(N)c2cc(-c3cc(-c4ccc5ccccc5c4)c4ccccc4c3)c(Nc3cccc4ccccc34)nc2n1,-11.0,
1_445,Cc1cc2cc(-c3cc(-c4nc(Nc5cc6c(N)nc(N)nc6cc5F)c5ccccc5n4)cc4cn[nH]c34)ccc2[nH]1,-10.8,
1_446,C[C@@H]1CN(c2cc3cc(C(=O)N(C)C)c(-c4cc5c(N6C[C@@H](C)O[C@H](C)C6)nc(N6C[C@@H](C)O[C@H](C)C6)nc5cc4F)cc3c(N3C[C@@H](C)O[C@H](C)C3)n2)C[C@@H](C)O1,-8.1,
1_447,C[C@@H]1CN(c2nc(N)nc3ccc([C@@H](c4cccc5[nH]ncc45)N4C[C@@]5(CCN(C)C5=O)CC4=O)cc23)Cc2ccc3ccccc3c2O1,-10.0,
1_448,C[C@@H]1C[C@H](N2c3[nH]c4ccccc4c3[C@@H](C)[C@@H]2c2n[nH]c3ccccc23)CN(C(=O)[C@@]2(C)C[C@@H]3C(=O)N2[C@@H](c2cc(-c4cc5ccccc5cc4F)nc4ccccc24)[C@H]2C(=O)NC(=O)[C@@H]32)C1,-8.3,
1_449,Nc1n[nH]c2ccc(-c3cc(-c4ccc5ccccc5c4)nc4ccc(Oc5ccc6[nH]ncc6c5)cc34)cc12,-10.6,
1_450,c1ccc2cc(-c3nc(Nc4cccc5nc(N6CCOCC6)nc(N6CCOCC6)c45)c4ccccc4n3)ccc2c1,-10.0,
1_451,Nc1cc(-c2n[nH]c3ccc(Oc4ccc(Nc5nc(C6CCOCC6)cc6ccccc56)cc4F)cc23)nc(N)n1,-10.3,
1_452,Cc1cc2cc(N)ncc2cc1Nc1nc(Nc2ccc(F)c3c2C2(CBCCC2)C(=O)N3)c2cc(O)c(F)cc2n1,,"
Parse error on line 64 in file ""/tmp/Mpro_7L11/Mpro_7L11-vina-gpu/1_452_60120.pdbqt"": ATOM syntax incorrect: ""B"" is not a valid AutoDock type. Note that AutoDock atom types are case-sensitive.
No valid ligands in the input directory
"
1_453,C[C@H]1CN(C(=O)c2cc(Nc3nc(Nc4cccc5ccccc45)c4ccccc4n3)c3cnccc3c2)C[C@@H](c2nc3ccccc3[nH]2)O1,-10.1,
1_454,O=C1NC(=O)C2C1C1C(=O)N(C3C(=O)NC(=O)C13)C(c1c[nH]c3ccccc13)C2c1ccc2[nH]c3ccccc3c2c1,-9.8,
1_455,Cc1cc2nc(N)nc(N)c2cc1Nc1nc2cc(F)ccc2cc1-c1cc(F)c2c(c1)CN(C(=O)C1CC(=O)N(C)C1)CC2,-9.9,
1_456,Cc1cc(N)c2cc(Nc3nc(-c4cc5ccccc5nc4C)cc4ccccc34)ccc2n1,-9.5,
1_457,O=C(Nc1n[nH]c2ccc(-c3cc4ccccc4c4[nH]ncc34)cc12)c1ccc2c3c1Cc1[nH]c4ccccc4c1C2C(=O)N3,-10.6,
1_458,Cc1cc(C)cc(Nc2nc(Nc3cccc4[nH]ncc34)nc3cccc(N4CCN(C(=O)C5CCOCC5)CC4)c23)c1,-9.2,
1_459,C[C@H]1CN(c2ccc3c([C@@H]4[C@H]5CC(F)(F)[C@H]5CN4[C@H](c4cccc(C(=O)N5CCOc6cc(F)c(-c7cc8ccccc8n7C)cc65)c4)c4ccccc4F)n[nH]c3c2)C[C@@](C)(C(N)=O)N1,-9.9,
1_460,Nc1nc(N2CCOCC2)c2cc(Nc3nc(-c4cc(F)c5ccccc5c4)nc4ccccc34)c(F)cc2n1,-10.2,
1_461,Cc1n[nH]c2ccc(NC(=O)c3cccc(Nc4nc(Nc5cccc6ccccc56)c5ccccc5n4)c3)cc12,-10.1,
1_462,C[C@H]1CN(C(=O)c2cc(N3C[C@@H](C)O[C@H](C)C3)c3cc(-c4nc(-c5cc6c(cc5F)OCCO6)cc5ccccc45)ccc3n2)C[C@@H](C)O1,-10.0,
1_463,Fc1cc(-c2cc(-c3ccc4[nH]nc(-c5cccc6[nH]ncc56)c4c3)c3[nH]ncc3c2)cc(-c2ccc3[nH]nc(-c4cccc5[nH]ccc45)c3c2)c1,-12.1,
1_464,CC1COc2ccccc2N1c1nc(N)nc2ccc(Nc3nc(N)nc4ccc(C5(C)OC6(C)CCC(=O)C65)cc34)cc12,-9.3,
1_465,C[C@@](C[C@@H]1CN([C@@H]2CC(=O)c3ccccc32)c2cc(c3cn[nH]c3c2)-c2ccc3ccccc3c2O1)(C1=CC(=O)OC1)[C@@H]1CCC(=O)NC1=O,-8.7,
1_466,O=C(c1cc2cn[nH]c2cc1F)N1CC2(CCN(Cc3cc(-c4cc5c(cc4F)OCCO5)cc4cn[nH]c34)C2)C1,-9.6,
1_467,Nc1cc2c(ncn2C[C@H]2CN(c3cc(-c4cc(-c5cc6c(cc5F)OCO6)cc5c(N)n[nH]c45)c4ccc(O)cc4c3)C(=O)O2)c(N)n1,-10.3,
1_468,C[C@]1(N)CN(c2n[nH]c3ccc(-c4ccc5ncnc(Nc6cc7c(cc6F)OCC(F)(F)C7)c5c4)cc23)C[C@@](C)(F)O1,-11.4,
1_469,Cc1n[nH]c2nc(N)nc(-c3cc(F)cc(Nc4nc(N5C[C@H]6C[C@](C)(F)C[C@H]65)c5cc(-c6ccc7[nH]ncc7c6)c(F)cc5n4)c3)c12,-9.9,
1_470,c1ccc2c(NC3CC4OCC3C4C(c3ccc4c(c3)OCO4)c3ccc4c(c3)OCO4)cc(-c3ccc4[nH]ncc4c3)nc2c1,-10.0,
1_471,C[C@]1(O)C[C@H]2C(=O)CCN(C(=O)c3cccc(Nc4ncnc5ccc(-c6ccc7[nH]ncc7c6)cc45)c3)[C@@H]2C1,-11.0,
1_472,CC1COc2ccccc2N1c1nc(N)nc2ccc(Nc3nc(-c4cccc5ccccc45)nc4ccccc34)cc12,-11.7,
1_473,C[C@H]1CN(c2nc(-c3cc(F)c4nc(N5C[C@@H](C)O[C@H](C)C5)nc(N5C[C@@H](C)O[C@H](C)C5)c4c3)nc3ccc(-c4cc(C(=O)N5C[C@@H](C)O[C@H](C)C5)c5[nH]ncc5c4)cc23)C[C@@H](C)O1,-8.9,
1_474,C[C@@H]1CN(C(=O)c2cccc(Nc3nc(-c4cc5c(-c6ccc7c(c6)NCCO7)n[nH]c5c(N)n4)nc4ccccc34)c2)C[C@@H](C)O1,-11.1,
1_475,Cc1ccc2nc3[nH]ccc3c(-c3nc(N)c4cc(-c5cc(C(=O)N6CCC7(CCN(C(=O)C8CCC(=O)NC8=O)CC7)C6)c6ccccc6c5)ccc4n3)c2c1,-10.8,
1_476,CC1C2CC(C)C(C)(C)CC2CN1C(=O)c1ccc2c(Nc3nc(N)nc4ccc(-c5ccc6[nH]ncc6c5)cc34)cccc2c1,-10.4,
1_477,CC1(C2CC(=O)N(C3CC(=O)NC3=O)C2)Cc2cc(-c3cc(-c4cc5c(cc4F)OCCO5)cc4cn[nH]c34)ccc2N1,-9.9,
1_478,CN1CCc2cc3ncnc(Nc4cc(F)cc(-c5ccc6[nH]nc(-c7cccc8[nH]ccc78)c6c5)c4)c3cc21,-10.2,
1_479,CC1(C(=O)N2Cc3c(NC(=O)c4cc(F)cc(-c5cc6c(N)nc(N)nc6cc5F)c4)cccc3C3CC(=O)NC(=O)C32)CCC(=O)N1,-9.9,
1_480,C[C@@H]1CN(C(=O)c2cccc(Nc3nc(NC4CC(F)(F)C4)nc4ccc(-c5cnc6cc[nH]c6c5)cc34)c2)C[C@@H](C)O1,-10.3,
1_481,O=C(c1cc(-c2cc3c(cc2F)OCCO3)nc2cc(F)c(F)cc12)N1COC2(CCN(Cc3ccc4c(c3)OCCO4)CC2)C1,-10.1,
1_482,Cc1ccc(C(=O)N2C[C@@H](C)O[C@H](C)C2)cc1Nc1nc(N)nc2ccc(-c3cnc4cc[nH]c4c3)cc12,-10.1,
1_483,C[C@@H]1CN(c2cc3ccc(-c4cc(N)c5ccccc5n4)cc3c(Nc3cccc4cnccc34)n2)C[C@@H](C)O1,-9.1,
1_484,Nc1n[nH]c2ccc(-c3ccc4ncnc(Nc5cc(F)cc(-c6c7c(nc8[nH]ccc68)CCNC7)c5)c4c3)cc12,-10.9,
1_485,c1ccc2cc(C(c3c[nH]c4ccccc34)c3cccc4[nH]c5ccccc5c34)ccc2c1,-9.8,
1_486,NC(=O)c1ccc(Nc2n[nH]c3ccc(-c4ccc5ncnc(Nc6cc7c(cc6F)OCCO7)c5c4)cc23)c(F)c1,-10.7,
1_487,Oc1cccc(Nc2n[nH]c3ccc(-c4cc(-c5cc(O)c6ccccc6c5)c5[nH]c6ccccc6c5c4)cc23)c1,-10.3,
1_488,Cc1cc(-c2nc(Nc3cccc(C4(C)NC(=O)NC4=O)c3)c3ccccc3n2)c2cn[nH]c2c1,-10.6,
1_489,C[C@@]12Cc3cc(-c4ccc5[nH]nc(-c6n[nH]c7ccccc67)c5c4)ccc3N[C@@H]1CNC2=O,-9.5,
1_490,c1ccc2[nH]c(-c3n[nH]c4ccc(-c5n[nH]c6ccc(-c7cc(-c8ccc9[nH]nc(-c%10ccc%11cc[nH]c%11c%10)c9c8)cc8cn[nH]c78)cc56)cc34)cc2c1,-10.9,
1_491,C[C@H]1CN(c2nc(N)nc3ccc(Nc4nc(Nc5cccc6ccccc56)c5ccccc5n4)cc23)C[C@@H](C)O1,-11.3,
1_492,CC1OC2NC(=O)C(C)N(C(=O)c3ccc4oc5cc(C6Nc7ccccc7C7=C6C(=O)c6ccccc6C7)ccc5c4c3)C2C1C,-9.6,
1_493,C[C@@H]1CN(c2nc(N)nc3cc(F)c(Nc4nc(Nc5ccc6nc(N)nc(N)c6c5)nc5ccccc45)cc23)C[C@@H](C)O1,-11.8,
1_494,FC1CN(c2cccc3nc(Nc4cccc5[nH]ncc45)nc(Nc4ccc5ccccc5c4)c23)C1,-9.3,
1_495,Nc1n[nH]c2ccc(-c3cc4ccc(-c5ccc6[nH]nc(-c7cccc8[nH]ncc78)c6c5)cc4[nH]3)cc12,-10.0,
1_496,CC1CN(C(=O)C2(C)CCC(=O)N2)C2CCC(=O)C2N1C(=O)c1cccc(Nc2nc(Nc3cccc4ccccc34)c3ccccc3n2)c1,-9.7,
1_497,Cc1cccc(C)c1Nc1nc(Nc2ccc(C(N)=O)cc2N)nc2cc(-c3cc4c(cc3F)OCCO4)ccc12,-8.4,
1_498,Cc1cc2nc(N)nc(N)c2nc1Nc1cc(-c2cc3c(cc2F)OCCO3)cc2c1ccc1[nH]c3ccccc3c12,-11.1,
1_499,Nc1n[nH]c2ccc(-c3ccc4ncnc(Nc5cccc6cc[n+](Cc7c[nH]c8ccccc78)cc56)c4c3)cc12,-10.8,
1_500,O=C(NC12CCC(CC1c1c[nH]c3ccccc13)C2)c1cccc2ccccc12,-8.6,
1_501,Cc1cc2nc(N)nc(N)c2cc1Nc1nc(N2CCN(c3cccc4ccccc34)CC2)nc2ccccc12,-9.8,
1_502,O=C1CC2C3Cc4ccc5ccccc5c4C3N(C(=O)c3c[nH]c4ccccc34)C2C(=O)N1,-9.5,
1_503,NC(=O)c1cc(Nc2cccc(C(=O)O)c2)c2cc(-c3nc(-c4ccc5c(c4)OCCO5)cc4ccccc34)ccc2n1,-9.7,
1_504,C[C@@H]1Oc2cnc3ccc(N4C[C@@](C)(O)COC4=O)cc3c2CN1C(=O)c1cccc2cc(F)c(Nc3nc(N4C[C@@](C)(O)COC4=O)nc4ccccc34)cc12,-10.7,
1_505,CC1(C)OC2CC(C)(Nc3nc(N4CC5(F)CC4C5)c4cc(-c5ccc6[nH]nc(-n7cnc8ccccc87)c6c5)c(F)cc4n3)C2O1,-10.0,
1_506,Nc1nc(N)c2cc(-c3cc(-c4cc(-c5ccc6nc[nH]c6c5)c5[nH]ncc5c4)c4[nH]c5ccccc5c4c3)ccc2n1,-10.9,
1_507,C[C@@H]1CN(c2nc(N)nc3cc(F)c(Nc4nc(-c5ccc6[nH]nc([C@@]7(C)CNC(=O)N7)c6c5)nc5ccccc45)cc23)C[C@@H](C)O1,-10.7,
1_508,CC1CC2CC3C(=O)N(Cc4cc(-c5ccc6ccccc6c5)cc5cc(O)ccc45)C(=O)NC3C2C1,-9.3,
1_509,Cc1ccc(C(=O)N2C[C@@H](C)O[C@H](c3cccc(-c4cnc(N)c5[nH]ncc45)c3)C2)cc1Nc1nc(N)nc2ccccc12,-10.4,
